Market,Channel,Region,Category,SubCategory,Brand,Price_variable,MCV.wtd,lastyravgprice,CSF,AIC.wtd,Pr.var.sig.wtd,Rsq.wtd,MAE.wtd,PriceElas.avg,sols.model.count,ridgelasso.model.count,dukes.aioli,dukes.mayo,hellmanns.best.foods.aioli,hellmanns.best.foods.mayo,kraft.aioli,kraft.mayo,mccormick.aioli.aioli,miracle.whip.whipped.dressing,private.label.aioli,private.label.mayo,restofcategory,Revenue,Volume,MS_val,Price_variable2,AIC.exp,AIC.wtd2,Pr.var.sig.wtd2,MAE.wtd2,MS.val.wtd2,MS_PrvarSig_AIC
usa,food,all,spoonable,all,dukes aioli,dukes mayo,7.57832760297275,3.24843676892512,2.33291522724647,112.544318712333,0.340332107412588,0.837639892021403,0.146644109026449,-5.02181407531659,3,2,,0.0,3.19136586234676,6.20449785859305,,0.0,0.0,0.0,9.60966898740623e-11,,0.0,173887995.0,58397729.7,9.85422875,Competition,0.2304092,0.04159027,0.09442595,0.09269722,0.0493047946,0.0001936298
usa,food,all,spoonable,all,dukes aioli,hellmanns best foods aioli,8.04323780493512,3.24843676892512,2.47603335914602,109.849063197726,0.351666770951468,0.842770448435288,0.129394375262819,-4.88908969873111,4,2,,1.52401249800367,0.0,5.82056561821131,,0.0,0.0,0.0,1.20354110315609e-15,0.0,5.26020522766347,10697243.0,1653912.8,0.60621254,Competition,0.8866805,0.16005123,0.09757078,0.094571,0.0030331328,4.736638e-05
usa,food,all,spoonable,all,dukes aioli,hellmanns best foods mayo,7.85638637008122,3.24843676892512,2.41851294297498,110.741601829304,0.348444021198486,0.840743717320017,0.145457187025731,-5.0051355831818,3,2,,1.73656168049616,2.8590545643649,0.0,,0.0,0.0,0.0,2.30811308693511e-10,,0.0,804511042.0,218513224.5,45.59162267,Competition,0.5674856,0.10243461,0.09667662,0.09282615,0.2281138028,0.002259018
usa,food,all,spoonable,all,dukes aioli,restofcategory,7.35523404627506,3.24843676892512,2.26423802261937,110.683937656719,0.341797643705538,0.840922603476573,0.145725769492271,-5.39752745928852,3,2,,1.7408465264192,3.41728559705166,6.10952357990048,,0.0,0.0,0.0,3.91768444738645e-10,,0.0,184803178.0,41299592.2,10.47279195,Competition,0.5840855,0.105431,0.09483257,0.09279698,0.052399723,0.0005239078
usa,food,all,spoonable,all,dukes aioli,NetSegment,7.86618284499526,3.24843676892512,2.42152869350697,109.608522021772,0.358770438353343,0.84291642141322,0.144299867576347,-5.02569547993449,3,2,,0.0,3.52283227574666,5.1529709114775,,0.0,0.0,0.0,9.64357398859428e-10,,1.46044663481388e-07,,,99.93174922,Competition,1.0,0.18050609,0.09954171,0.09295187,0.5,0.008983943
usa,food,all,spoonable,all,dukes aioli,miracle whip whipped dressing,8.20736653376664,3.24843676892512,2.52655880892593,112.329728546749,0.311781234221285,0.83802831793379,0.180083736744591,-4.51261623833372,2,2,,1.77522361072426,0.0,6.17464050161635,,0.0,0.0,0.0,1.92601479761846,,,204951438.0,56269563.5,11.61459338,Competition,0.256506,0.04630089,0.08650445,0.08906478,0.0581126292,0.0002327546
usa,food,all,spoonable,all,dukes aioli,private label mayo,8.80921263710107,3.24843676892512,2.71183134034527,110.107071889011,0.334427935326461,0.841994060700334,0.181286781536011,-4.24190589040299,2,2,,1.8403787695372,0.0,5.98441504644045,,0.757325904421616,0.0,0.0,0.382114335692636,0.0,6.26833439682276,177700759.0,76805724.6,10.07029804,Competition,0.7793657,0.14068025,0.09278783,0.0889341,0.050385879,0.0006577078
usa,food,all,spoonable,all,dukes aioli,kraft aioli,11.1278285963363,3.24843676892512,3.42559495163528,113.971127209431,0.223889091925484,0.835087319740058,0.184548839182871,-2.97981586357063,2,2,,1.86209788692362,0.0,6.09554414192319,,0.0,0.0,0.0,1.97507542337274,,,12157635.0,2013480.9,0.68897288,Competition,0.1128944,0.02037812,0.06211856,0.08857976,0.0034472172,4.363693e-06
usa,food,all,spoonable,all,dukes aioli,kraft mayo,9.64870148131612,3.24843676892512,2.9702599027374,112.358985778664,0.294599217936685,0.83801559203166,0.179111406711887,-3.66817808038141,2,2,,1.73837454920649,0.0,6.3235891692523,,0.0,0.0,0.0,1.8646841536283,,,157559227.0,48050296.7,8.92887784,Competition,0.252781,0.04562851,0.08173725,0.08917041,0.0446748802,0.0001666171
usa,food,all,spoonable,all,dukes aioli,mccormick aioli aioli,10.326522173496,3.24843676892512,3.17892048023855,110.222376519287,0.361044568951694,0.842564340777739,0.176631300665862,-3.60331399840733,2,1,,0.0,0.0,6.15585781673594,,0.0,0.0,0.0,1.90208374058828,,7.93345540082156,35614821.0,7751208.6,2.01829108,Competition,0.7357041,0.13279908,0.10017268,0.08943981,0.0100983476,0.0001343367
usa,food,all,spoonable,all,dukes aioli,private label aioli,9.79273668557342,3.24843676892512,3.01459975433468,113.627350728291,0.337469067806706,0.835438699335664,0.180975420662543,-3.64131423632232,2,2,,1.76958792432878,0.0,6.07390047611488,,0.0,0.0,0.0,0.0,,,1515089.0,312648.4,0.08586008,Competition,0.1340672,0.02419994,0.0936316,0.08896792,0.0004295936,9.734072e-07
usa,food,all,spoonable,all,dukes aioli,OwnPrice,13.6408870213467,3.24843676892512,4.19921580491787,91.1871372886695,0.053258596981207,0.911997951899183,0.0955271914025894,-1.70869487547396,5,2,,6.14789450489702e-13,2.32374726761077,0.000421934721057828,0.0,0.0,0.0,0.0,5.71674209650721e-28,0.0,0.000196202994113517,,,,OwnPrice,1.0,1.0,1.0,1.0,1.0,1.0
usa,food,all,spoonable,all,dukes aioli,Segment,10.9222079221367,3.24843676892512,3.36229660574577,79.3508692661484,0.109285501965251,0.886475050887171,0.118608007416971,-2.82433920581054,4,1,,,2.61413333383566,,0.0,0.0,4.43704680781627e-17,,0.0,3.49801291847319e-17,0.0,,,,Segment,1.0,1.0,1.0,1.0,1.0,1.0
usa,food,all,spoonable,all,dukes mayo,hellmanns best foods aioli,9.00449749138739,3.02658220086729,2.97513726500046,35.2324571323528,0.117670517982177,0.92905410660543,0.0790557207345734,-2.80468812555928,10,16,,,,2.53863097829302,1.27419306043596,4.55218648356037e-08,0.0,0.0,0.0,0.0,0.0,10697243.0,1653912.8,0.60621254,Competition,0.03340454,0.02193391,0.07874964,0.09170171,0.0033624014,5.807834e-06
usa,food,all,spoonable,all,dukes mayo,hellmanns best foods mayo,6.82942987522476,3.02658220086729,2.25648253441381,30.2862419532622,0.219488750565962,0.932113405290193,0.0749624524974716,-4.30418182528811,11,17,0.0,,,,1.05936038110956,0.0,0.0,0.0,0.0,0.0,0.0,804511042.0,218513224.5,45.59162267,Competition,0.3961526,0.2601196,0.146890321,0.09210929,0.2528772123,0.009662198
usa,food,all,spoonable,all,dukes mayo,kraft aioli,11.7435927469102,3.02658220086729,3.88014994059801,42.9664863216821,0.0633036958563101,0.923460935172019,0.0849578054971006,-2.05261711271955,10,18,0.0,,0.0,2.33909356081852,,1.28428643815524,0.0,0.0,0.0,0.0,0.0,12157635.0,2013480.9,0.68897288,Competition,0.0006988475,0.0004588735,0.04236527,0.09111402,0.0038214376,7.428989e-08
usa,food,all,spoonable,all,dukes mayo,kraft mayo,10.1201239006119,3.02658220086729,3.34374658574015,40.9725708039842,0.0558775449415195,0.924731456146794,0.0827162421552318,-2.43165582357769,10,18,0.0,,0.0,2.61423930009703,1.33810910584864,,0.0,0.0,0.0,0.0,0.0,157559227.0,48050296.7,8.92887784,Competition,0.001893894,0.001243558,0.037395404,0.09133722,0.0495246628,2.303064e-06
usa,food,all,spoonable,all,dukes mayo,mccormick aioli aioli,12.8704613332523,3.02658220086729,4.25247374069806,45.4931314399684,0.0115836962067335,0.921660475531455,0.0907887975614131,-1.8722523667093,7,14,0.0,,,2.27865595848473,1.37600400925137,1.68242921669169e-05,,1.37235493531696,0.0,0.0,0.0,35614821.0,7751208.6,2.01829108,Competition,0.0001975734,0.0001297296,0.007752255,0.0905334,0.0111945965,1.125837e-08
usa,food,all,spoonable,all,dukes mayo,miracle whip whipped dressing,6.71277898872122,3.02658220086729,2.21794041701482,34.3804550202315,0.251698838249459,0.929417686032973,0.0772985124290357,-4.38035566636987,10,17,0.0,,0.0,2.46999658601104,1.25854428027171,0.0,0.0,,0.0,0.0,0.0,204951438.0,56269563.5,11.61459338,Competition,0.05114644,0.0335835,0.168446552,0.09187668,0.0644211771,0.0003644322
usa,food,all,spoonable,all,dukes mayo,private label aioli,13.525471381133,3.02658220086729,4.46889279176266,50.5172197959421,0.10530098843753,0.917586760111959,0.0921242939173083,-1.61447175861278,8,14,0.0,,0.0,2.80484422744992,1.22292501466263,1.49458128272856,0.0,0.0,,0.0,0.0,1515089.0,312648.4,0.08586008,Competition,1.602365e-05,1.052136e-05,0.070471475,0.09040042,0.0004762291,3.531029e-10
usa,food,all,spoonable,all,dukes mayo,private label mayo,10.9755833530155,3.02658220086729,3.62639526191305,38.4486232035582,0.030984901743701,0.926798065592115,0.081547596260445,-2.19273826885186,10,18,0.0,,0.0,2.44668829166892,1.36761368549864,1.22141888383255,0.0,0.0,0.0,,0.0,177700759.0,76805724.6,10.07029804,Competition,0.006689967,0.00439273,0.020736289,0.09145358,0.055855632,5.087829e-06
usa,food,all,spoonable,all,dukes mayo,restofcategory,6.37343570654151,3.02658220086729,2.10581946352396,35.2712076875429,0.334896999875036,0.928947882939781,0.0784417022459552,-4.6604928971082,10,17,0.0,,0.0,2.37141063831686,1.0726156760866,1.12372624394779,0.0,0.0,0.0,0.0,,184803178.0,41299592.2,10.47279195,Competition,0.03276355,0.02151303,0.224125964,0.09176285,0.0580880933,0.0002800791
usa,food,all,spoonable,all,dukes mayo,NetSegment,6.35227649157261,3.02658220086729,2.09882833836541,28.4343304272443,0.177676482387256,0.933397097197078,0.0736340743695518,-5.06004127255273,13,17,0.0,,0.0,0.0,1.3228981888087,0.0,0.0,0.0,0.0,0.0,0.0,,,90.14577125,Competition,1.0,0.6566146,0.118907942,0.09224156,0.5,0.03903834
usa,food,all,spoonable,all,dukes mayo,dukes aioli,13.556008231841,3.02658220086729,4.47898234118882,93.5306935157769,0.12575320827523,0.873748531691399,0.141646977875615,-1.1427277989755,4,3,0.0,,5.18186562593163e-05,2.09047966722178,0.0,1.08657283632164,,0.0,,0.0,,1204355.0,383615.1,0.06825078,Competition,7.319887e-15,4.806344e-15,0.084158888,0.08546927,0.0003785578,1.531254e-19
usa,food,all,spoonable,all,dukes mayo,Segment,5.77120908700139,3.02658220086729,1.90684035786228,39.2324455531043,0.164175962582888,0.926589337778645,0.0818785897486658,-6.06731394190068,13,20,0.0,,0.0,2.61023512863983,1.02475310889109,0.0,0.0,0.13806178488023,0.0,0.0,1.38584452507676e-08,,,,Segment,1.0,1.0,1.0,1.0,1.0,1.0
usa,food,all,spoonable,all,dukes mayo,OwnPrice,11.6787037074538,3.02658220086729,3.85871023232317,62.8813675630784,0.0527280433650161,0.926873189736636,0.0789067459616519,-1.58692694560081,3,0,0.0,,0.0,1.91853455003906,0.0,0.162748054516277,0.0,0.0,0.0,0.0,0.0,,,,OwnPrice,1.0,1.0,1.0,1.0,1.0,1.0
usa,food,all,spoonable,all,hellmanns best foods aioli,kraft aioli,19.4123162824562,6.78338659051838,2.86174406005257,91.0600198195323,0.0831512534618971,0.876961366612466,0.266856892034128,-2.8536134615376,10,28,,0.0,,8.3150003204503,,0.0,0.0,0.0,0.0,5.65013578663148,5.45048207705827,12157635.0,2013480.9,0.68897288,Competition,0.011828586,0.011461457,0.08530071,0.1663374,0.0056852474,5.558298e-06
usa,food,all,spoonable,all,hellmanns best foods aioli,kraft mayo,15.0148240147829,6.78338659051838,2.21347019138938,91.8407745589602,0.0914247529593693,0.875786929630333,0.266367286286231,-4.2754538219255,10,28,,0.0,,9.17503618885848,,,0.0,0.0,0.0,5.55358729410434,5.82162378061282,157559227.0,48050296.7,8.92887784,Competition,0.008005604,0.00775713,0.09378808,0.1664485,0.0736790669,5.360346e-05
usa,food,all,spoonable,all,hellmanns best foods aioli,mccormick aioli aioli,9.73781951833442,6.78338659051838,1.43553951826152,91.7417043404944,0.216558445378454,0.876062875901714,0.267446489950406,-15.0358693831746,9,28,,0.0,,8.15124674609002,,0.0,,0.0,0.0,6.20153261143441,5.4898726968384,35614821.0,7751208.6,2.01829108,Competition,0.008412149,0.008151056,0.22215648,0.1662037,0.0166544784,3.01581e-05
usa,food,all,spoonable,all,hellmanns best foods aioli,private label aioli,21.8310500682387,6.78338659051838,3.21831135184798,95.4495994766664,0.0689542018937131,0.871115528816685,0.2692702305327,-2.33252729984494,10,28,,0.0,,7.07624380669243,,0.0,0.0,0.0,,5.78340627206208,5.41863822973885,1515089.0,312648.4,0.08586008,Competition,0.001317491,0.0012766,0.07073667,0.1657899,0.0007084979,6.397906e-08
usa,food,all,spoonable,all,hellmanns best foods aioli,private label mayo,9.34137956606234,6.78338659051838,1.37709674089922,94.1943553164449,0.489841729210532,0.872434162546293,0.267187341379917,-13.7572936152511,11,1,,0.0,,9.64661910722387,,0.0,0.0,0.0,0.0,0.0,5.32889119219073,177700759.0,76805724.6,10.07029804,Competition,0.00246786,0.002391264,0.50250413,0.1662625,0.0830978065,9.985199e-05
usa,food,all,spoonable,all,hellmanns best foods aioli,NetSegment,16.572198888768,6.78338659051838,2.44305682237426,82.1855476185697,0.0248710178678053,0.887208029395211,0.255306327022859,-3.39272142324837,10,8,,0.0,,5.47716588826776,,0.0,0.0,,0.0,4.07430313176955,0.0,,,99.39378746,Competition,1.0,0.968962493,0.02551393,0.1689581,0.8201749029,0.0202764
usa,food,all,spoonable,all,hellmanns best foods aioli,Segment,11.4040124843441,6.78338659051838,1.68116800246713,70.642022059066,0.128270608705865,0.899873171746536,0.241790747645027,-7.08863947198966,2,2,,,,,,,0.0,,0.0,3.91961821125887,0.0,,,,Segment,1.0,1.0,1.0,1.0,1.0,1.0
usa,food,all,spoonable,all,hellmanns best foods mayo,dukes mayo,13.3145239886222,3.71718027484765,3.58188815288704,56.2647714766112,0.298435631021679,0.913718713501202,0.102002250509234,-1.85276252688431,12,18,0.0,,1.09192671944558,,0.0,1.18514383570234,1.00794218245386,0.0,0.0,0.0,1.44393859782946,173887995.0,58397730.0,9.8542287,Competition,0.3676916,0.170293,0.16600713,0.1122924,0.090686444,0.002563693
usa,food,all,spoonable,all,hellmanns best foods mayo,hellmanns best foods aioli,16.4582147019703,3.71718027484765,4.42760734886468,59.917035532619,0.096991502858567,0.910295083345069,0.10502592222226,-1.50177610488469,12,17,,1.20680010699692,,,0.0,1.06293276294425,1.05185608991117,0.0,0.0,0.0,0.0,10697243.0,1653913.0,0.6062125,Competition,0.05921131,0.02742318,0.05395227,0.1119143,0.00557885,8.254147e-06
usa,food,all,spoonable,all,hellmanns best foods mayo,miracle whip whipped dressing,11.1157094827064,3.71718027484765,2.99036061229556,56.3315787485663,0.220297966851958,0.913773225470743,0.100984210362659,-2.47871548217888,11,19,,1.13494171530759,1.12891001310558,,0.0,1.03140218262013,1.03452855548379,,0.0,0.0,1.35568381284911,204951438.0,56269564.0,11.6145934,Competition,0.3556123,0.1646986,0.12254245,0.1124197,0.106886718,0.002157248
usa,food,all,spoonable,all,hellmanns best foods mayo,restofcategory,8.11285248935168,3.71718027484765,2.1825286613747,56.2175671334262,0.346782331955723,0.913836080614475,0.102076059028326,-4.03492890248108,11,20,,1.12460855160248,1.00951632972012,,0.0,1.19531197608136,0.982512638585702,0.0,0.0,0.0,,184803178.0,41299592.0,10.4727919,Competition,0.3764732,0.1743601,0.19290035,0.1122831,0.096378954,0.003241622
usa,food,all,spoonable,all,hellmanns best foods mayo,NetSegment,11.3608425074729,3.71718027484765,3.0563065731157,54.2637502481697,0.150461042858803,0.915088088478091,0.0975066267419237,-2.44701785777994,11,18,,0.0,1.10522590945623,,0.0,0.986444578179222,0.921144942571625,,0.0,,0.0,,,54.4083773,Competition,1.0,0.4631409,0.08369512,0.1128545,0.500709125,0.0194088
usa,food,all,spoonable,all,hellmanns best foods mayo,kraft mayo,17.7772387827292,3.71718027484765,4.78245268410013,71.8830199205112,0.134827430512291,0.899798629001606,0.118353649250659,-1.39914996216474,10,17,0.0,1.15634233840848,1.12369362075151,,0.0,,0.88219395128511,0.0,0.0,0.0,1.32592889794974,157559227.0,48050297.0,8.9288778,Competition,0.0001492878,6.914126e-05,0.0749988,0.1102477,0.082170629,4.260968e-07
usa,food,all,spoonable,all,hellmanns best foods mayo,kraft aioli,15.2907141223157,3.71718027484765,4.11352503557079,87.3047694299333,0.282557563108848,0.883279434818354,0.135310260177451,-1.7211468425473,5,7,0.0,0.877752177597066,1.61500451828523,,,2.37394101024163,1.09529567498284,0.0,0.0,0.0,1.3889752698141,12157635.0,2013481.0,0.6889729,Competition,6.687039e-08,3.097041e-08,0.15717483,0.1081273,0.006340476,3.086397e-11
usa,food,all,spoonable,all,hellmanns best foods mayo,private label mayo,15.8758690344422,3.71718027484765,4.27094406528155,80.0319236814451,0.192566173957616,0.891947463383909,0.128049009374298,-1.65215554255573,8,10,,0.914895091291437,1.51501694237536,,0.0,2.10958393952355,1.35612428390054,,0.0,,0.0,177700759.0,76805725.0,10.070298,Competition,2.53812e-06,1.175507e-06,0.10711642,0.1090353,0.092674885,1.166926e-08
usa,food,all,spoonable,all,hellmanns best foods mayo,mccormick aioli aioli,14.1126126441161,3.71718027484765,3.79659085667953,75.0909800099447,0.0748081831542697,0.896993893806602,0.113729602823951,-2.02656867061886,2,1,0.0,0.695423579640487,1.41785256981008,,0.0,1.90609825730992,,,0.0,,,35614821.0,7751209.0,2.0182911,Competition,3.002096e-05,1.390393e-05,0.04161263,0.1108259,0.018573918,1.074648e-08
usa,food,all,spoonable,all,hellmanns best foods mayo,OwnPrice,11.9249704345124,3.71718027484765,3.20806889975255,56.6083778875752,0.540132585672635,0.914076427895579,0.101649422415753,-1.92020936669745,10,18,,1.06867636652264,1.24898812848327,,0.0,1.17383218962223,0.924266280099117,0.0,0.0,0.0,1.42228057503646,,,,OwnPrice,1.0,1.0,1.0,1.0,1.0,1.0
usa,food,all,spoonable,all,hellmanns best foods mayo,Segment,11.0670380473664,3.71718027484765,2.97726696825862,56.7360058798905,0.0652885517609781,0.913773161607113,0.100161065635011,-2.59066094765518,11,14,,1.05688924257067,1.26055099948223,,0.0,1.67556514552838,1.13050941059058,0.0,0.0,0.0,1.69247353926009,,,,Segment,1.0,1.0,1.0,1.0,1.0,1.0
usa,food,all,spoonable,all,kraft aioli,kraft mayo,19.0182852793352,6.06474060084537,3.13587777796864,153.6006479378,0.0558732939336462,0.770601307294254,0.260607469737827,-2.29636073890114,13,20,0.355085919061314,4.27178981994046e-06,0.0,0.0,,2.34301371538794,0.0,2.75160383569255,1.44122484745168,,2.36592538372288,157559227.0,48050296.7,8.92887784,Competition,1.0,0.9965937,0.09269478,0.1339315,0.0499855231,0.004617614
usa,food,all,spoonable,all,kraft aioli,mccormick aioli aioli,26.0970530792364,6.06474060084537,4.30307820182758,165.787263076306,0.0913681974328871,0.740828222660856,0.294408911614495,-1.62852077360907,11,18,0.358324802483673,0.0176552144863759,0.0,0.0,,2.25713137757981,0.0,2.79982787857408,1.60424890418677,,2.83395962631526,35614821.0,7751208.6,2.01829108,Competition,0.002257928,0.002250237,0.15158145,0.1278088,0.0112987698,3.853945e-06
usa,food,all,spoonable,all,kraft aioli,hellmanns best foods aioli,21.3477309272907,6.06474060084537,3.51997427957842,174.699859148349,0.103440029659745,0.716899768330935,0.323367599267709,-1.9278345425353,1,1,0.0,0.0,,,,,,0.0,0.943998625744743,,3.08511870256683,10697243.0,1653912.8,0.60621254,Competition,2.620381e-05,2.611456e-05,0.17160883,0.1225633,0.0033936908,1.520879e-08
usa,food,all,spoonable,all,kraft aioli,hellmanns best foods mayo,19.7737193865571,6.06474060084537,3.26043942980856,173.199633757499,0.0720838674237436,0.721072970008729,0.319014473650407,-2.08508760641041,1,2,0.0,0.0,,,,,,0.0,0.782178995478005,,2.79824108139333,804511042.0,218513224.5,45.59162267,Competition,5.547973e-05,5.529075e-05,0.11958841,0.1233518,0.2552304053,1.687617e-06
usa,food,all,spoonable,all,kraft aioli,miracle whip whipped dressing,24.2752590174237,6.06474060084537,4.00268710817408,173.25471674224,0.0257782696940752,0.720367817322383,0.323254272345888,-1.55459958602895,1,2,0.0,0.0,,,,,,,0.817760919952605,,2.67306853997124,204951438.0,56269563.5,11.61459338,Competition,5.397258e-05,5.378874e-05,0.0427666,0.1225838,0.0650206595,1.49571e-07
usa,food,all,spoonable,all,kraft aioli,private label aioli,26.4310115105192,6.06474060084537,4.35814377730104,179.341013022899,0.110316796454853,0.701525625676261,0.339739064262793,-1.48486042930307,1,1,0.0,0.0,,,,,,0.0,,,3.35366321146011,1515089.0,312648.4,0.08586008,Competition,2.573657e-06,2.564891e-06,0.18301751,0.1195978,0.0004806608,2.256317e-10
usa,food,all,spoonable,all,kraft aioli,restofcategory,25.311379894729,6.06474060084537,4.17353050371203,172.157690714819,0.0337893259288815,0.722821565733738,0.31739586210984,-1.4404036240628,1,1,0.0,0.0,,0.0,,1.85253146120361,,0.0,0.968059531925539,,0.0,184803178.0,41299592.2,10.47279195,Competition,9.340914e-05,9.309096e-05,0.05605709,0.123645,0.0586286422,3.059482e-07
usa,food,all,spoonable,all,kraft aioli,NetSegment,15.3048945834892,6.06474060084537,2.52358601806577,167.564883403797,0.110116568745974,0.736617434608964,0.301534318956405,-3.07277093192091,1,2,0.0,0.0,,0.0,,,,0.0,0.719512162257874,,,,,99.31102712,Competition,0.0009283352,0.000925173,0.18268533,0.1265181,0.5559616485,9.396616e-05
usa,food,all,spoonable,all,kraft aioli,Segment,13.9036317677198,6.06474060084537,2.29253527608118,160.3927187319,0.160723417694096,0.756422109870539,0.282058698827394,-3.60883595720373,3,2,0.0,,0.0,,,0.0,,0.0,0.926007956763258,,2.53026203472295,,,,Segment,1.0,1.0,1.0,1.0,1.0,1.0
usa,food,all,spoonable,all,kraft mayo,dukes aioli,12.3115425925402,3.30484876867039,3.72529681516815,49.9543738182882,0.802425973281105,0.919114429224516,0.0934367147988942,-1.35376047937949,10,18,0.222521602544096,0.600576488989088,0.0,2.50538763183953,,,0.982295786194879,,0.0,,1.76016173617773,1204355.0,383615.1,0.06825078,Competition,2.94547e-11,2.38362e-11,0.11298878,0.0972075,0.0003789101,1.020489e-15
usa,food,all,spoonable,all,kraft mayo,dukes mayo,6.13893533088253,3.30484876867039,1.85755408510035,11.5856571970775,0.87713738037725,0.945042285638717,0.0642507852508266,-5.12721719433673,10,20,0.194041755507482,,0.0,2.43971590397498,0.0,,0.0421205121320312,1.1197704512456,0.0,,1.02767894306526,173887995.0,58397729.7,9.85422875,Competition,0.006321432,0.005115617,0.12350882,0.100337,0.0547080417,3.456584e-05
usa,food,all,spoonable,all,kraft mayo,hellmanns best foods aioli,7.48002760376104,3.30484876867039,2.26334943815611,11.1696739912211,0.799601209095573,0.945339700603393,0.0638264962988951,-3.90734525071387,10,20,0.00307645653151997,0.447533108023625,,2.47560522550419,0.0,,0.0298390026214534,1.14808622895766,0.0,,1.65480895026056,10697243.0,1653912.8,0.60621254,Competition,0.007782965,0.006298362,0.11259103,0.1003825,0.0033655298,2.386629e-06
usa,food,all,spoonable,all,kraft mayo,hellmanns best foods mayo,5.66447558855161,3.30484876867039,1.71398934869584,7.0825542524271,0.861334968382935,0.947335804673624,0.0614912503769094,-6.56674388893159,10,20,0.166894002409752,0.393293316740197,0.0,0.0,0.0,,0.0129358126093888,1.41346666885584,0.0,,2.03988366416258,804511042.0,218513224.5,45.59162267,Competition,0.0600692,0.04861098,0.1212837,0.1006329,0.253112492,0.00149228
usa,food,all,spoonable,all,kraft mayo,miracle whip whipped dressing,4.42300207356416,3.30484876867039,1.33833720789095,9.5907085843782,0.866879024958436,0.946051955750581,0.0630665833768593,-12.6976718369794,10,20,0.184939420078372,0.380803421589178,0.0,2.37721304450596,0.0,,0.0282534020697203,,0.0,,1.9205477769634,204951438.0,56269563.5,11.61459338,Competition,0.01714009,0.01387061,0.12206435,0.10046398,0.0644811152,0.0001091734
usa,food,all,spoonable,all,kraft mayo,private label aioli,10.7126432679632,3.30484876867039,3.24149273319793,21.4288333553052,0.658618321244819,0.939364644788411,0.0713213980373477,-2.26789332635979,11,20,0.18764553554905,0.442675718818487,0.0,2.31183741544313,0.0,,1.12715533204151,0.0,,,1.07143552159616,1515089.0,312648.4,0.08586008,Competition,4.606774e-05,3.72803e-05,0.09273937,0.09957884,0.0004766722,1.648024e-09
usa,food,all,spoonable,all,kraft mayo,restofcategory,5.03477709598075,3.30484876867039,1.52345158535237,5.356924391376,0.90053036568219,0.948180531070728,0.060427410270546,-8.20505442237488,10,20,0.176652927458591,0.400747504051658,0.0,2.39612158222543,0.0,,0.000812891680243908,1.37077205437414,0.0,,,184803178.0,41299592.2,10.47279195,Competition,0.1423533,0.1151994,0.12680276,0.10074697,0.0581421391,0.0008493171
usa,food,all,spoonable,all,kraft mayo,NetSegment,5.29075443102235,3.30484876867039,1.60090666815926,1.45803823706255,0.864620820559806,0.948353388622107,0.058777332257193,-7.71589479825797,11,20,0.125566545543071,0.0,0.0,1.59502960880349,0.0,,0.0190045501993588,0.0159618095509247,0.0,,0.0210836559242969,,,91.07112216,Competition,1.0,0.8092496,0.12174638,0.1009239,0.5056025061,0.04981358
usa,food,all,spoonable,all,kraft mayo,private label mayo,10.3735377168009,3.30484876867039,3.1388842403746,21.8879405803248,0.309104376179127,0.939232776337252,0.0714131808987453,-2.38224975583069,9,18,0.218643974834244,0.799481359807279,0.0,3.22335559260412,0.0,,1.23303200280814,1.62009423821625,0.0,,1.85259658188746,177700759.0,76805724.6,10.07029804,Competition,3.661871e-05,2.963368e-05,0.04352467,0.099569,0.0559076006,7.210941e-08
usa,food,all,spoonable,all,kraft mayo,kraft aioli,12.5996984470807,3.30484876867039,3.81248865803618,13.9246399983489,0.161567375578384,0.943752953610753,0.0659256403779548,-1.81753507475844,1,2,0.17568408494242,0.344782738026118,0.0,2.14153943179082,,,0.0,1.16641548009993,0.0,,,12157635.0,2013480.9,0.68897288,Competition,0.001962962,0.001588526,0.02275014,0.10015741,0.0038249931,1.382321e-07
usa,food,all,spoonable,all,kraft mayo,OwnPrice,5.55227121787848,3.30484876867039,1.68003790990783,10.7919641466274,0.760954711124172,0.945521505550003,0.0640373093634172,-5.33090549454292,10,20,0.202643440036399,0.347751984123296,0.0,2.46261851836433,0.0,,0.0797114292024762,1.34100711113488,1.45451161053232e-07,,0.958340214866241,,,,OwnPrice,1.0,1.0,1.0,1.0,1.0,1.0
usa,food,all,spoonable,all,kraft mayo,Segment,5.13273310327638,3.30484876867039,1.55309167303936,14.5427143160083,0.820155917948874,0.94332876790452,0.0650569448367081,-8.45339627842101,11,18,0.179816493314416,0.407590970398052,0.0,2.6560776224689,0.0,,1.39439400903591,1.69571410285619,0.0,,1.15622318750992,,,,Segment,1.0,1.0,1.0,1.0,1.0,1.0
usa,food,all,spoonable,all,mccormick aioli aioli,kraft mayo,22.5583725566394,4.63839443863752,4.8634010873956,342.314696256341,0.0520995852639473,0.71953071006312,0.421622318867347,-1.21724157426713,1,0,0.0904594611270134,0.0,0.0,,,,,0.0,,,,157559227.0,48050297.0,8.928878,Competition,4.772539e-12,4.772539e-12,0.3571267,0.4368093,0.08351725,1.423469e-13
usa,food,all,spoonable,all,mccormick aioli aioli,NetSegment,21.1837657183126,4.63839443863752,4.56704706737599,290.17841101473,0.0937858724370693,0.779525330779333,0.254281157264935,-1.27003376818047,1,0,0.0,,0.0,0.0,,,,,0.0,,,,,97.981709,Competition,1.0,1.0,0.6428733,0.5631907,0.91648275,0.5891823
usa,food,all,spoonable,all,miracle whip whipped dressing,dukes mayo,12.0760638596272,3.66367526643268,3.29616109000448,32.2643228200593,0.395052323988742,0.93207399792377,0.0775384285852226,-2.13367938384064,4,8,0.281205852188657,,0.0,1.42677638795803,0.0,1.20039966463055,1.09690332075649,,0.0,,0.0,173887995.0,58397729.7,9.85422875,Competition,0.05389618,0.04948793,0.33821876,0.2518486,0.14933615,0.002499551
usa,food,all,spoonable,all,miracle whip whipped dressing,restofcategory,7.58189394800028,3.66367526643268,2.06947761376864,26.4229316084937,0.491613186473677,0.936122789053483,0.0734273693734808,-4.548649090453,4,6,0.308831532195173,0.0,,1.4138006306096,0.0,1.5397147886058,1.14415545393667,,0.0,,,184803178.0,41299592.2,10.47279195,Competition,1.0,0.9182085,0.42088805,0.252971,0.158710182,0.06133561
usa,food,all,spoonable,all,miracle whip whipped dressing,hellmanns best foods mayo,17.5811548280275,3.66367526643268,4.79877542344146,33.117426243404,0.0745245662820262,0.931296171609994,0.0786295171177708,-1.33795062130638,3,5,0.303072676040472,0.0,,,0.0,1.30940439693985,0.853403118382658,,0.0,,0.0,804511042.0,218513224.5,45.59162267,Competition,0.03518106,0.03230355,0.06380321,0.2515507,0.69091936,0.001424033
usa,food,all,spoonable,all,miracle whip whipped dressing,dukes aioli,17.8728675690711,3.66367526643268,4.87839840305331,66.2385605703055,0.206847804617345,0.903474762659031,0.107642484635207,-1.00429180541835,2,2,0.334259253528041,0.282475012675916,0.0,,0.0,,0.0,,0.0,,,1204355.0,383615.1,0.06825078,Competition,2.260196e-09,2.075331e-09,0.17708998,0.2436297,0.001034308,3.801292e-13
usa,food,all,spoonable,all,miracle whip whipped dressing,OwnPrice,7.85575172005946,3.66367526643268,2.14422708039531,28.839844472247,0.705018194907546,0.93476450320909,0.0749433553877735,-3.65117290997723,4,6,0.272369065341746,0.0,,1.65276022633069,0.0,1.72160496665866,1.39556980344646,,0.0,,0.0,,,,OwnPrice,1.0,1.0,1.0,1.0,1.0,1.0
usa,food,all,spoonable,all,private label aioli,dukes mayo,9.45016425349228,4.97449504349095,1.89972332284413,76.4987752849608,0.223693108451752,0.894196506103536,0.100393110997142,-4.87117985883372,12,20,0.0,,0.0,8.6663618566401,,4.02528449553284,0.0,0.0,,4.45483962479563,0.0,173887995.0,58397730.0,9.8542287,Competition,0.3034745,0.09736826,0.15346185,0.10039761,0.049330333,0.0007371093
usa,food,all,spoonable,all,private label aioli,hellmanns best foods aioli,9.75798726343275,4.97449504349095,1.96160357546258,77.7907257727319,0.215459186322806,0.89289360429362,0.0981139370624349,-5.1142758473772,14,22,0.0,2.3218507434202,0.0,8.04914485311257,,5.0357498693436,3.53569808944506e-19,0.0,,0.0,5.0851114536027e-19,10697243.0,1653913.0,0.6062125,Competition,0.1590665,0.05103568,0.14781307,0.10065197,0.003034704,2.289302e-05
usa,food,all,spoonable,all,private label aioli,hellmanns best foods mayo,8.34498947245883,4.97449504349095,1.67755508840603,76.6403830545521,0.223370590372986,0.893675645409826,0.0994145701527932,-6.86258442740034,14,25,0.0,2.31048782367038,6.04209462390141,1.19411685020998e-17,,4.53669475747603,1.14997520938557e-18,5.22730583495285e-26,,4.22746968078404,1.68158255650152e-18,804511042.0,218513224.0,45.5916227,Competition,0.2827304,0.09071261,0.15324059,0.10050682,0.228231959,0.003172619
usa,food,all,spoonable,all,private label aioli,mccormick aioli aioli,19.6814790141479,4.97449504349095,3.95647776147668,74.5734632646922,0.0527957499867427,0.896710144651452,0.0932402926786796,-1.85658461187691,14,24,0.0,1.82252957924613,0.0,8.40190954463795,,4.21588096068738,0.0,1.39661687301286e-28,,0.0,3.32094329301327e-21,35614821.0,7751209.0,2.0182911,Competition,0.7946912,0.2549727,0.03621986,0.10119588,0.010103578,9.330729e-05
usa,food,all,spoonable,all,private label aioli,miracle whip whipped dressing,10.9118581421223,4.97449504349095,2.1935609638209,77.7630205679428,0.109735226592713,0.893045103675915,0.100878565444902,-3.89449845766145,12,21,0.0,8.96118776341383e-08,0.0,8.62202796817393,,5.01991149034849,0.0,0.0,,0.0,0.0,204951438.0,56269564.0,11.6145934,Competition,0.1612853,0.05174758,0.07528247,0.10034343,0.05814273,0.0002265058
usa,food,all,spoonable,all,private label aioli,private label mayo,12.4525164797869,4.97449504349095,2.5032724670378,78.0444103708086,0.11179687329433,0.892255111948197,0.0980115602145082,-3.32649897182036,14,22,0.0,4.33381068357558e-09,7.7960706502693,8.23377347868787,,5.05930713369587,7.8925259897819e-19,0.0,,0.0,1.13323679867636e-18,177700759.0,76805725.0,10.070298,Competition,0.1401173,0.04495593,0.07669684,0.1006634,0.050411977,0.0001738194
usa,food,all,spoonable,all,private label aioli,restofcategory,8.40285431284388,4.97449504349095,1.6891873927664,77.0067206391178,0.253587291284577,0.89375106430722,0.101428886980173,-6.34513230107649,12,20,0.0,2.29608576157298,0.0,8.48253749107291,,4.06564123792035,0.0,0.0,,4.24917692518172,0.0,184803178.0,41299592.0,10.4727919,Competition,0.2354091,0.07552982,0.17397037,0.10028202,0.052426864,0.0006888865
usa,food,all,spoonable,all,private label aioli,NetSegment,8.54269015571304,4.97449504349095,1.7172979530638,74.1138599460932,0.209117326127566,0.896486623265504,0.098884908866761,-6.54195336008119,14,26,0.0,8.72608086961784e-19,3.50345334756469,6.38715997227813,,4.89251038375518,2.38576747155671e-18,1.61541558952666e-25,,0.0,3.32939482932055e-18,,,99.9141399,Competition,1.0,0.3208449,0.14346231,0.10056593,0.500170832,0.02302244
usa,food,all,spoonable,all,private label aioli,kraft mayo,20.2346134581567,4.97449504349095,4.06767185035864,80.5518102087268,0.0281860104664508,0.889596347050633,0.0982402794422297,-1.63654098323932,9,8,0.0,1.35025812915275e-09,0.0,7.54248888450816,,0.0,6.44995651465152e-19,0.0,,0.0,9.4216098635201e-19,157559227.0,48050297.0,8.9288778,Competition,0.03999603,0.01283252,0.01933666,0.10063787,0.04469802,1.109128e-05
usa,food,all,spoonable,all,private label aioli,kraft aioli,24.1775391273345,4.97449504349095,4.8603001743806,186.167443419937,0.0299050457446817,0.866282686415287,0.150952736765852,-1.32581275882329,1,0,0.0,0.0,0.0,,,,0.0,0.0,,,0.0,12157635.0,2013481.0,0.6889729,Competition,4.654505e-25,1.493374e-25,0.02051598,0.09475507,0.003449003,1.056707e-29
usa,food,all,spoonable,all,private label aioli,OwnPrice,11.5919607908622,4.97449504349095,2.33027889052379,76.8244475891774,0.142805775616765,0.894327944965768,0.121082978640094,-2.95491881754107,9,16,0.0,2.36560394453388,0.000334325043152936,8.91162001035528,,4.70374654544142,0.0,0.0,,4.43018610334418,0.0,,,,OwnPrice,1.0,1.0,1.0,1.0,1.0,1.0
usa,food,all,spoonable,all,private label aioli,Segment,8.4981409387832,4.97449504349095,1.70834242762045,72.9566971204141,0.215973822107168,0.897966110144719,0.099131806920224,-6.61984848487585,14,22,0.0,1.83971202437545,7.01458051364486,0.0,,3.99611547043088,2.59958348070842e-68,0.0,,3.38016882689268e-06,0.0,,,,Segment,1.0,1.0,1.0,1.0,1.0,1.0
usa,food,all,spoonable,all,private label mayo,hellmanns best foods mayo,9.51998720011801,2.31382459770311,4.11439450058934,138.524527192028,0.223143277435264,0.800793306916421,0.257683438392321,-1.5581584037138,1,24,0.214876695478707,0.47866662296038,,,0.614136463589626,1.45191518173847,,1.38098365407657,0.0,,0.984731315732608,804511042.0,218513224.0,45.5916227,Competition,0.00146912,0.001466918,0.1880673,0.1670572,0.287151422,7.921911e-05
usa,food,all,spoonable,all,private label mayo,kraft mayo,8.78945730730634,2.31382459770311,3.79867052845383,149.465958244411,0.244008119227983,0.778406942830345,0.290776357651895,-1.80571892196791,1,28,0.206219811248513,0.416027405950501,,3.25222120252196,0.0,,,,0.410850900685633,,1.24197151752737,157559227.0,48050297.0,8.9288778,Competition,6.182382e-06,6.173112e-06,0.2056524,0.1596097,0.056237085,7.139383e-08
usa,food,all,spoonable,all,private label mayo,mccormick aioli aioli,5.71259582242589,2.31382459770311,2.46889752494492,170.273795451438,0.182179097480362,0.7296615745571,0.314822560111941,-3.77383895064002,2,1,0.125293448087701,0.0,,3.1118491549493,0.0,1.20009668637329,,1.34611387712273,0.35919313000217,,,35614821.0,7751209.0,2.0182911,Competition,1.874094e-10,1.871284e-10,0.1535423,0.1541981,0.012711878,3.652393e-13
usa,food,all,spoonable,all,private label mayo,NetSegment,6.92464672872433,2.31382459770311,2.99272759724237,125.478344243286,0.198606270629242,0.825348268991108,0.203732724063758,-2.43820435141762,2,2,0.108564303451392,,,1.11981843178526,,,0.0,0.0,0.268999885700842,,,,,89.929702,Competition,1.0,0.9985006,0.1673873,0.1791987,0.566407604,0.09466727
usa,food,all,spoonable,all,private label mayo,kraft aioli,11.0835736715744,2.31382459770311,4.79015292800364,146.677235757166,0.216987628732598,0.786465280766292,0.247387627658759,-1.35703728299351,1,6,0.162347679945319,0.422000523824912,0.0,3.11674045520256,,1.22675783464542,,1.69236878975134,0.0,,0.0,12157635.0,2013481.0,0.6889729,Competition,2.492982e-05,2.489244e-05,0.1828793,0.1693742,0.004339384,1.975423e-08
usa,food,all,spoonable,all,private label mayo,miracle whip whipped dressing,10.717294360779,2.31382459770311,4.63185254898658,152.395224881307,0.121583172396904,0.771794796834781,0.242109604487983,-1.31714591375936,3,3,0.108678717190733,0.409216839900562,,3.31926972514941,0.0,1.00786943807976,0.0,,0.365483141372387,,,204951438.0,56269564.0,11.6145934,Competition,1.429136e-06,1.426993e-06,0.1024715,0.1705621,0.073152628,1.069682e-08
usa,food,all,spoonable,all,private label mayo,Segment,7.15403669352595,2.31382459770311,3.09186647104868,135.268246401334,0.267888277603972,0.810285099467582,0.245096132618578,-2.31697310445538,1,28,0.0,,,0.0,0.0,0.0,0.0,0.0,0.0,,,,,,Segment,1.0,1.0,1.0,1.0,1.0,1.0
usa,food,all,spoonable,all,restofcategory,miracle whip whipped dressing,18.4794507686844,4.35164406000309,4.24654464241068,89.0498354927281,0.14164500854459,0.882577164738893,0.139713558157736,-1.5843432389376,12,20,0.0,0.00606566998245895,0.0,0.80272386198433,0.625493067668203,0.689559795722059,0.0,,0.0,,,204951438.0,56269564.0,11.61459,Competition,1.0,0.92150994,0.7807217,0.5040365,0.1148347,0.08261704
usa,food,all,spoonable,all,restofcategory,NetSegment,20.8830235523899,4.35164406000309,4.79888135712439,93.9759185453093,0.0397832824083968,0.877839087319549,0.153492420658027,-1.36839967353127,1,2,,,,,0.60451506582255,0.0,,0.0,0.0,,,,,89.52721,Competition,0.08517549,0.07849006,0.2192783,0.4959635,0.8851653,0.01523473
usa,food,all,spoonable,all,restofcategory,OwnPrice,12.234061956667,4.35164406000309,2.81136549496613,93.739660534507,0.678011171429971,0.878688852693655,0.147401986307522,-2.4111381687189,13,22,0.0,0.015306129395312,0.0,0.806150728480002,0.663014177772292,0.902814840912963,0.726828893493717,0.0,0.0,,,,,,OwnPrice,1.0,1.0,1.0,1.0,1.0,1.0
usa,food,all,spoonable,all,restofcategory,Segment,11.6989259401225,4.35164406000309,2.6883921981694,115.188696515977,0.158460010181833,0.84485904127535,0.177737662145944,-3.11529403418747,3,5,0.0,0.0,,2.25619289391014e-07,1.02090021144236,0.0,0.0,0.0,0.263509442193742,,,,,,Segment,1.0,1.0,1.0,1.0,1.0,1.0
usa,target,all,spoonable,all,dukes mayo,hellmanns best foods mayo,9.53748556832917,3.1864979152892,2.99309330238917,86.4013404494187,0.373899309150294,0.882394380626919,0.133859837462397,-2.56040386942791,11,18,,,0.188685748532613,,1.08703637065573,,0.0,1.09621973013455,,1.2458726931172,0.0,29811953.0,7248887.0,52.633477,Competition,1.0,0.5328341,0.1767358,0.1483646,0.27342944,0.02574908
usa,target,all,spoonable,all,dukes mayo,miracle whip whipped dressing,10.2034642856989,3.1864979152892,3.20209350733966,89.2944831048839,0.317739037381241,0.878879820286904,0.13932783928046,-2.09050648476504,11,17,,,0.182980986735876,0.979390625081961,1.02687016984652,,0.0,,,1.28861151906156,0.0,3789621.0,1009999.0,6.690635,Competition,0.2353759,0.1254163,0.1501898,0.147428,0.03475766,0.000654704
usa,target,all,spoonable,all,dukes mayo,private label mayo,8.89889469703697,3.1864979152892,2.79268806495652,89.0379753930126,0.423072334781507,0.878684313989822,0.137879128585464,-2.50163015053113,12,18,,,0.179676190077521,1.01681553089358,1.10115908818126,,0.0,0.0,,,0.0,4515072.0,2060219.0,7.971431,Competition,0.2675851,0.1425785,0.19997904,0.1476762,0.04141136,0.00118075
usa,target,all,spoonable,all,dukes mayo,restofcategory,10.428861733954,3.1864979152892,3.2728286699687,89.0360732336354,0.29809124060676,0.879454208282532,0.137794532705916,-2.3558670042603,7,14,,,0.191592409007262,0.957998909477597,0.929550907889213,0.0,0.0,0.0,,1.30650086391131,,9848112.0,1474319.0,17.386998,Competition,0.2678398,0.1427141,0.14090262,0.1476907,0.09032497,0.001816326
usa,target,all,spoonable,all,dukes mayo,NetSegment,9.86416733818135,3.1864979152892,3.09561393115994,90.8908012565141,0.295322175262002,0.877352022861054,0.143180023175811,-2.46407792526202,11,20,,,0.179250964809053,0.0,0.748221819278637,,0.0,0.0,,0.731914261000644,0.0,,,97.203072,Competition,0.1059561,0.05645702,0.13959373,0.1467682,0.50496723,0.00397967
usa,target,all,spoonable,all,dukes mayo,kraft aioli,13.5027943823303,3.1864979152892,4.23750297075114,138.331606375314,0.219902539291057,0.804581658678057,0.235439919027963,-1.66573293110453,3,4,,,0.450717584358851,1.29540930184715,,,,0.0,,1.65722318522805,0.0,2199140.0,381781.0,3.882616,Competition,5.29037e-12,2.818889e-12,0.10394416,0.1309646,0.02017008,5.909977e-15
usa,target,all,spoonable,all,dukes mayo,kraft mayo,14.0630170824746,3.1864979152892,4.41331438347992,138.553464395164,0.187556730823065,0.804619368379929,0.234603826801137,-1.53776034329747,3,4,,,0.480848596786986,1.37230844378673,0.834274350961977,,0.0,0.0,,1.58281241976733,0.0,3809420.0,1216296.0,6.725592,Competition,4.734893e-12,2.522912e-12,0.08865485,0.1311078,0.03493926,7.814809e-15
usa,target,all,spoonable,all,dukes mayo,Segment,9.83851753386358,3.1864979152892,3.08756440312017,95.1220344979954,0.293427752920605,0.871240241120182,0.14477472109046,-2.48666370564153,11,18,,,0.125350592687656,1.3755030032594,0.894713528441475,0.0,0.0,1.44046746075334,,1.7368626866728,1.58592389285671,,,,Segment,1.0,1.0,1.0,1.0,1.0,1.0
usa,target,all,spoonable,all,dukes mayo,OwnPrice,13.3401124652876,3.1864979152892,4.18644945640169,89.9151755155175,0.272454020044389,0.878306152431389,0.139218694633089,-1.33010313939816,5,10,,,0.186733153569149,1.0310718860039,0.0,,0.0,1.20032089217614,,1.37244026658488,0.0,,,,OwnPrice,1.0,1.0,1.0,1.0,1.0,1.0
usa,target,all,spoonable,all,hellmanns best foods aioli,restofcategory,11.2034520298681,6.32417105849538,1.77152893655814,112.171926993961,0.138832943717263,0.761363974987552,0.270820899113965,-6.67376343769373,9,20,,10.625553999879,,0.0,,6.9052938641311,0.0,0.0,0.313370607429942,1.44053294268322e-12,0.0,9848112.0,1474319.0,17.387,Competition,1.0,1.0,1.0,1.0,1.0,1.0
usa,target,all,spoonable,all,hellmanns best foods aioli,Segment,25.271945102,6.32417105849538,3.99608816210809,114.986421021603,0.0107650125241796,0.745731674625012,0.286564487645359,-1.6422784314654,1,8,,0.0,,,,0.0,,0.0,,0.0,0.0,,,,Segment,1.0,1.0,1.0,1.0,1.0,1.0
usa,target,all,spoonable,all,hellmanns best foods mayo,dukes mayo,12.6493963089375,4.03945751959079,3.1314591743049,74.8383080847173,0.46901997408789,0.894205875943581,0.117278755901019,-2.32478451968274,9,13,,,0.408878288193366,,0.81778918862372,0.860468176872281,0.0,0.0,1.29691484286779e-11,1.44979424605181,1.6848032452413,1584199.0,494278.6,2.796928,Competition,0.4743842,0.2313294,0.1985429,0.2018098,0.03402071,0.001562531
usa,target,all,spoonable,all,hellmanns best foods mayo,miracle whip whipped dressing,10.1404515582418,4.03945751959079,2.51034984501311,77.3935399934365,0.517399119006457,0.891702197504367,0.123328890104041,-2.95154017472866,9,13,,0.826452276433966,0.415369343330049,,0.731502073782252,0.809800629809199,0.0,,1.42998698817768e-09,1.47211819662215,1.68927458403838,3789621.0,1009998.7,6.690635,Competition,0.1322113,0.06447173,0.2190225,0.2004266,0.0813822,0.001149179
usa,target,all,spoonable,all,hellmanns best foods mayo,private label mayo,9.087622113649,4.03945751959079,2.24971349978935,74.9705536050466,0.633219263105891,0.894008478205254,0.118821097943855,-3.4520417807397,8,11,,0.779054244184361,0.385374153381535,,0.656827997697941,0.79096754788712,0.0205410798280058,0.0,5.63630736500588e-10,,1.59702979044478,4515072.0,2060218.7,7.971431,Competition,0.4440312,0.216528,0.2680509,0.2014572,0.09696128,0.005627684
usa,target,all,spoonable,all,hellmanns best foods mayo,NetSegment,11.5801879008217,4.03945751959079,2.8667680857292,73.3468326873043,0.415525891456029,0.895947380775073,0.120114943978086,-2.67262120362643,11,15,,0.0,0.348624892824325,,0.735837681535457,0.0,0.0197188796438021,0.0,,0.874757452306372,0.0,,,47.366523,Competition,1.0,0.4876415,0.1758981,0.2011614,0.57614735,0.04941917
usa,target,all,spoonable,all,hellmanns best foods mayo,restofcategory,11.2105490524489,4.03945751959079,2.77526103395799,92.7897251994265,0.327145892377797,0.875015486683139,0.14642991052319,-2.99580639589425,5,6,,0.0,0.343575976644663,,0.735551810180364,0.865839378859407,0.0,0.0,0.0271349280170391,1.47516753349297,,9848112.0,1474318.7,17.386998,Competition,5.998319e-05,2.925029e-05,0.1384856,0.1951452,0.21148845,8.566855e-07
usa,target,all,spoonable,all,hellmanns best foods mayo,OwnPrice,14.3473987207676,4.03945751959079,3.55181324501738,73.2441089939196,0.505962890809807,0.89600693188386,0.116666225437245,-1.62013796068065,9,12,,0.843250778930476,0.429658913514441,,0.657755408231242,0.81528660753763,0.0181698529372272,0.0,1.15895318500916e-11,1.50243449884064,1.28613166963959,,,,OwnPrice,1.0,1.0,1.0,1.0,1.0,1.0
usa,target,all,spoonable,all,hellmanns best foods mayo,Segment,19.7670598367332,4.03945751959079,4.89349367851148,72.5301973764737,0.0403667340213372,0.897568578536151,0.116520022019053,-1.3000406315254,7,11,,0.772554927213113,0.336619667552153,,1.12954568293254,0.932365177335438,1.26049660190403e-12,0.0,0.0,1.46910766019424,0.914331589332374,,,,Segment,1.0,1.0,1.0,1.0,1.0,1.0
usa,target,all,spoonable,all,kraft aioli,kraft mayo,11.7175236513762,5.86980479380153,1.9962373644435,140.19000767006,0.108892309301922,0.80044049823173,0.233529173536713,-4.81377697855003,4,2,,2.77389203816096,0.0,0.0,,0.0,0.0,0.0,0.298510363832966,,0.00219387466358886,3809420.306,1216295.799,6.72559217,Competition,0.0001021483,0.0001021275,0.32123,0.3282118,0.2787210178,9.143842e-06
usa,target,all,spoonable,all,kraft aioli,restofcategory,22.6614267682314,5.86980479380153,3.86067809140122,140.209323318855,0.0340824746980976,0.800326251635243,0.232699594111109,-1.73392632012121,1,2,,2.70470929014984,0.0,0.0,,8.6931235415906,,,0.288360877323081,,,9848111.658,1474318.701,17.38699784,Competition,0.0001011665,0.000101146,0.1005426,0.3285671,0.7205494496,7.32761e-06
usa,target,all,spoonable,all,kraft aioli,mccormick aioli aioli,25.2509999915325,5.86980479380153,4.30184663350259,121.811838077915,0.196010710959838,0.834248186427455,0.198478142986553,-0.204325611864831,3,5,,0.0,0.0,0.0,,4.15035460118593,0.0,,0.331655522778282,,3.35147426040378,9970.889,2071.367,0.01760376,Competition,1.0,0.9997967265,0.5782274,0.3432211,0.0007295326,0.00042175
usa,target,all,spoonable,all,kraft aioli,Segment,25.1140866425346,5.86980479380153,4.27852160757627,139.575578245175,0.0268983421429155,0.801056368839458,0.231739537028219,-1.46851200097785,1,2,,1.97122585752428,,,,7.32290103945913,0.0,,0.180456277826377,,,,,,Segment,1.0,1.0,1.0,1.0,1.0,1.0
usa,target,all,spoonable,all,kraft mayo,dukes mayo,5.65105861871058,3.22225957139711,1.75375648469573,45.5590972347874,0.788519850123415,0.921340979876249,0.0887082571199677,-6.23117436831666,3,4,,,,3.55066996608623,0.0,,,0.0,0.0,0.0,,1584198.77,494278.639,2.7969281,Competition,0.2071331,0.1320557,0.128280449,0.11952434,0.0149944243,0.0002540081
usa,target,all,spoonable,all,kraft mayo,hellmanns best foods mayo,5.38677707105679,3.22225957139711,1.6717390240294,47.5919670079812,0.831579231285586,0.919403651938622,0.090279387914644,-7.11831383933691,4,4,,1.49007034287562,,,0.00419271226715893,,,0.0,0.0,0.0,0.0,29811952.83,7248887.312,52.6334771,Competition,0.07495791,0.0477887,0.135285569,0.11931827,0.2821698125,0.001824262
usa,target,all,spoonable,all,kraft mayo,kraft aioli,12.7690535813333,3.22225957139711,3.96276379925435,101.718419404287,0.0552009196641067,0.862102035475402,0.15502895585296,-1.74290549963414,3,2,,1.41560263039088,0.0,4.05442804985223,,,,,0.0,0.0,0.0,2199139.89,381781.015,3.8826165,Competition,1.322536e-13,8.431705e-14,0.008980368,0.11082577,0.0208148354,1.576096e-17
usa,target,all,spoonable,all,kraft mayo,miracle whip whipped dressing,4.59365500003799,3.22225957139711,1.4256005446657,45.2345398361934,0.895461396021851,0.921816839819002,0.089357664823824,-8.88418597752111,3,4,,1.60972385829961,,3.47351322525042,0.0,,,,0.0,0.0,,3789620.58,1009998.738,6.6906354,Competition,0.2436275,0.1553224,0.145678247,0.11943917,0.035868718,0.0008116047
usa,target,all,spoonable,all,kraft mayo,private label mayo,4.81710216304151,3.22225957139711,1.49494541215775,42.4103099052966,0.893199287511482,0.923865551077203,0.0860082657622392,-7.56917804265899,3,4,,1.52669852340924,0.0,3.47942673215848,0.000100998474867578,,,0.0,0.0,,,4515071.79,2060218.652,7.9714311,Competition,1.0,0.6375405,0.145310236,0.11987847,0.0427351058,0.003959029
usa,target,all,spoonable,all,kraft mayo,restofcategory,6.45613417619845,3.22225957139711,2.00360462375761,48.7150026810121,0.721325555842862,0.918839970435766,0.0918314716462718,-5.14024622749972,4,4,,1.50838062949272,0.0,3.42066057301449,0.0032265904453009,,,0.0,0.0,0.947652940107566,,9848111.66,1474318.701,17.3869978,Competition,0.0427517,0.02725594,0.117348936,0.1191147,0.0932122708,0.0002981353
usa,target,all,spoonable,all,kraft mayo,NetSegment,5.37334582596593,3.22225957139711,1.66757075490233,61.9294679902369,0.786679104246056,0.906491895598304,0.102510567777932,-7.24565970256432,3,4,,0.0,0.212572471845261,0.0,0.0,,,0.0,0.0,0.0,0.0,,,93.2744078,Competition,5.773892e-05,3.68109e-05,0.127980987,0.11771404,0.5000471872,2.35577e-06
usa,target,all,spoonable,all,kraft mayo,hellmanns best foods aioli,14.2151663846895,3.22225957139711,4.41155222592017,130.840442871039,0.447047953579427,0.817332994255552,0.335681500298438,-0.959974350174426,1,2,,1.0399689133513,0.606454616196573,4.40819637571808,0.0,,,,0.0,0.0,,996229.75,156661.175,1.7588595,Competition,6.275388e-20,4.000814e-20,0.072728051,0.08713152,0.0094293038,2.743658e-23
usa,target,all,spoonable,all,kraft mayo,private label aioli,15.5264260979198,3.22225957139711,4.81849017867541,126.697590300861,0.727830272501421,0.823260024044785,0.336274650568046,-0.493143673000944,1,2,,2.00024189148347,0.0,4.05074089774522,,,,,0.0,0.0,,76951.18,7985.867,0.1358585,Competition,4.980232e-19,3.1751e-19,0.118407157,0.08705372,0.0007283421,2.738235e-23
usa,target,all,spoonable,all,kraft mayo,OwnPrice,6.12940477379162,3.22225957139711,1.90220701901245,46.8654960097524,0.894201150010519,0.920537399289047,0.0903859437541557,-4.08731352619121,3,4,,0.922588542742156,0.0,3.55498788103584,0.00114233650883062,,,0.0,0.0,0.816100812031023,,,,,OwnPrice,1.0,1.0,1.0,1.0,1.0,1.0
usa,target,all,spoonable,all,kraft mayo,Segment,5.25372037586163,3.22225957139711,1.63044604553187,31.7389704696206,0.821064213640304,0.931700998655741,0.0783288127875107,-7.72462453734751,2,2,,1.6725766513148,,6.79317460922729,0.0,,,0.0,6.3840790027809e-26,1.48427342104093,1.13159886997007,,,,Segment,1.0,1.0,1.0,1.0,1.0,1.0
usa,target,all,spoonable,all,mccormick aioli aioli,dukes mayo,5.91468336461755,3.34160873682778,1.77001074345778,-85.6054472186715,0.719917453707816,0.993271569526047,0.0556799450328074,-6.81423225629017,10,20,,0.0,0.0,0.0,1.489493905623e-10,0.0,,0.0,0.175230530322223,6.21576184968308,0.0,1584199.0,494278.6,2.796928,Competition,0.08345204,0.03651324,0.14270236,0.1265119,0.0141209,7.357732e-05
usa,target,all,spoonable,all,mccormick aioli aioli,hellmanns best foods mayo,8.55824282488117,3.34160873682778,2.56111457052437,-86.1420500034711,0.586052743840419,0.993258012888981,0.0424890109164064,-3.90836729795379,10,20,,0.0,0.0,4.30077205453889e-18,1.1691575522409e-11,0.0,,0.0,0.149906162840011,0.0,0.0,29811953.0,7248887.3,52.633477,Competition,0.10913368,0.04774987,0.11616764,0.1282791,0.2657316,0.00147401
usa,target,all,spoonable,all,mccormick aioli aioli,kraft aioli,5.98601206520104,3.34160873682778,1.79135636055453,-84.8808153819448,0.675321466273015,0.993149493787066,0.0777099371016854,-6.77069906692261,10,21,,0.0,0.0,0.0,7.36049156846562e-11,0.0,,0.0,0.175096218680632,6.30371247820018,0.0,2199140.0,381781.0,3.882616,Competition,0.05808783,0.02541549,0.13386252,0.1235605,0.01960224,6.669038e-05
usa,target,all,spoonable,all,mccormick aioli aioli,kraft mayo,7.62691872495224,3.34160873682778,2.28240926021535,-90.3910085131576,0.48321517770916,0.993980729884813,0.0339077413679482,-4.26439892270979,10,20,,0.0,0.0,0.000492452471406385,12.0002125126995,0.0,,0.0,0.181302113351591,0.0,0.0,3809420.0,1216295.8,6.725592,Competition,0.91328938,0.39959661,0.09578313,0.1294288,0.03395562,0.001299638
usa,target,all,spoonable,all,mccormick aioli aioli,miracle whip whipped dressing,6.536729453865,3.34160873682778,1.95616242614639,-84.0512814298518,0.673103578320792,0.992795502328224,0.108373901428177,-5.54253585467152,10,20,,0.0,0.0,0.0,4.95244029131447e-10,0.0,,8.63914268714394e-12,0.163361359286034,6.11949455611669,0.0,3789621.0,1009998.7,6.690635,Competition,0.03836667,0.01678679,0.13342289,0.1194524,0.03377913,7.565653e-05
usa,target,all,spoonable,all,mccormick aioli aioli,private label mayo,5.99163913652736,3.34160873682778,1.79304030136553,-84.7671127309408,0.729134345274105,0.993135330107282,0.0825897588288223,-6.60939698343417,10,20,,0.0,0.0,0.00451215257602435,3.06057144942303e-10,0.0,,0.0,0.176747013362636,5.92208975835484,0.0,4515072.0,2060218.7,7.971431,Competition,0.05487758,0.02401089,0.14452934,0.1229068,0.04024551,0.0001396631
usa,target,all,spoonable,all,mccormick aioli aioli,restofcategory,6.46742611053758,3.34160873682778,1.93542291150375,-83.4441203618824,0.678374406462448,0.992712152698817,0.101156265223576,-5.86042397349986,10,21,,0.0,0.0,0.0,4.31709800004414e-10,0.0,,0.0,0.164527701415397,6.53497565226957,0.0,9848112.0,1474318.7,17.386998,Competition,0.02832115,0.01239151,0.13446768,0.1204194,0.08778205,0.0001462675
usa,target,all,spoonable,all,mccormick aioli aioli,NetSegment,7.76483998856201,3.34160873682778,2.32368317181659,-90.5724135060617,0.499768991481819,0.994008201222435,0.0338164276787353,-4.09212015034449,10,21,,0.0,0.0,5.09829119642785e-16,11.4800262191405,0.0,,0.0,0.177670864165972,0.0,0.0,,,99.982396,Competition,1.0,0.4375356,0.09906443,0.129441,0.50478295,0.02187942
usa,target,all,spoonable,all,mccormick aioli aioli,Segment,7.6288860831375,3.34160873682778,2.28299800603815,-88.8788605615588,0.55365119295653,0.993804573984461,0.0186752680873436,-4.2113074183301,10,21,,0.0,2.66369158939709e-07,1.2689860306729e-17,2.13687477152525e-05,0.0,,0.0,0.169711565642593,0.0,0.0,,,,Segment,1.0,1.0,1.0,1.0,1.0,1.0
usa,target,all,spoonable,all,miracle whip whipped dressing,private label mayo,17.7540843153279,3.68285667744945,4.82073723477706,98.9360858906461,0.0699356380014214,0.864659070536505,0.153611511507999,-1.2879228371944,2,2,,,0.0,,0.852944250444151,0.0,,,,,0.0,4515072.0,2060219.0,7.971431,Competition,1.0,1.0,1.0,1.0,1.0,1.0
usa,target,all,spoonable,all,miracle whip whipped dressing,OwnPrice,9.07309494492855,3.68285667744945,2.46360250739165,97.8457334044477,0.490963955436623,0.867361955053722,0.151168990147166,-3.05173856891763,3,4,,,0.143784880695986,1.17252321232982,1.18348305074001,0.0,,,,0.0978266514194977,0.0,,,,OwnPrice,1.0,1.0,1.0,1.0,1.0,1.0
usa,target,all,spoonable,all,private label aioli,mccormick aioli aioli,9.58576081589954,8.46982644572753,1.1317541011404,44.8085947896366,0.0653248152121906,0.879513703077366,0.18399135656956,-0.328797202324393,1,2,,0.0,,38.9417616555974,,0.0,0.0,,,0.0,0.0,9970.889,2071.367,0.01760376,Competition,1.0,1.0,1.0,1.0,1.0,1.0
usa,target,all,spoonable,all,private label mayo,dukes mayo,6.10348478614744,2.16117335008604,2.82415327114063,-17.5257456164828,0.625416950436785,0.951719656548232,0.0536825155521482,-3.12333560628405,11,4,,0.0,0.0,1.36758778140307,0.0,2.01085680131447e-22,3.07181205764315e-39,1.68382861639158e-13,0.0284952582088399,,0.0,1584199.0,494278.6,2.796928,Competition,1.0,0.5642362,0.1508113,0.1460905,0.01535552,0.00130665
usa,target,all,spoonable,all,private label mayo,hellmanns best foods mayo,5.7126335225821,2.16117335008604,2.64330185376137,-10.298534511131,0.59584946370474,0.950021372936849,0.0558035184268378,-3.53766356420057,11,4,,1.71148142705121,0.0,0.0,0.0,1.52771067287434e-20,6.46302198270127e-37,0.0,0.0289768208434421,,0.0,29811953.0,7248887.3,52.633477,Competition,0.02695449,0.0152087,0.1436815,0.145763,0.288965,0.0006314486
usa,target,all,spoonable,all,private label mayo,kraft aioli,5.63953202685684,2.16117335008604,2.60947694299132,-15.9430992591987,0.771753380010498,0.952316692121519,0.0544554281074083,-3.92901455809335,11,4,,1.70308548067046,0.0,1.40086898577744,0.0,1.67482642459392e-21,3.05733501603716e-39,0.0,0.027326981094205,,0.0,2199140.0,381781.0,3.882616,Competition,0.4532447,0.255737,0.1860985,0.1459712,0.0213161,0.001014481
usa,target,all,spoonable,all,private label mayo,kraft mayo,5.06798785673865,2.16117335008604,2.34501681993112,-9.6075924851117,0.733497279031815,0.950328618107779,0.0563342542872888,-4.57930927759056,11,4,,1.77494039752653,0.0,1.35580193993261,0.0,0.0,8.01309218955679e-38,0.0,0.0307619229591684,,0.0,3809420.0,1216295.8,6.725592,Competition,0.01908073,0.01076604,0.1768735,0.1456811,0.03692442,7.031246e-05
usa,target,all,spoonable,all,private label mayo,restofcategory,6.89303041447357,2.16117335008604,3.18948519987957,-7.28578016885348,0.620167189816848,0.950247676645992,0.0571085598645373,-2.76214212635697,9,4,,1.67994644064785,0.0,1.26663886038347,0.0,1.5130866856602,1.09515710573692e-36,0.0,0.0341482304186702,,0.0,9848112.0,1474318.7,17.386998,Competition,0.005976126,0.003371947,0.1495454,0.1455616,0.095457,4.813506e-05
usa,target,all,spoonable,all,private label mayo,NetSegment,4.95797898681754,2.16117335008604,2.29411443863129,-14.8851180149496,0.737449728792359,0.950598841851398,0.0546170462049605,-4.85117764545342,11,11,,1.50317844790514,0.0,0.0,2.66728655284048e-18,1.08124467907291e-10,2.43606399079193e-32,0.00246580613531181,5.89146300021922e-73,,0.0,,,92.028569,Competition,0.2670515,0.1506801,0.1778266,0.1459462,0.50524945,0.01353812
usa,target,all,spoonable,all,private label mayo,miracle whip whipped dressing,8.31814208851033,2.16117335008604,3.84890091680021,123.101044241326,0.0628824474460891,0.828696624591404,0.190386300361585,-1.79876374193307,2,8,,2.06115685529457,0.0,0.0,0.0,1.42893570292595,0.0502991996630353,0.0,2.36899060641785e-15,,0.0,3789621.0,1009998.7,6.690635,Competition,2.905899e-31,1.639614e-31,0.0151633,0.1249864,0.03673251,9.132417e-35
usa,target,all,spoonable,all,private label mayo,Segment,4.78318248171736,2.16117335008604,2.21323406635888,-11.8191681330775,0.701712696647659,0.951294356139218,0.0553977770744632,-4.986386222562,11,10,,1.75727265260482,0.0,1.23968219269347,2.48041752939915e-20,1.68990692724433e-21,8.44215125642757e-22,0.730162924359567,0.0362588117743121,,,,,,Segment,1.0,1.0,1.0,1.0,1.0,1.0
usa,target,all,spoonable,all,restofcategory,kraft aioli,20.9017375906915,7.21745413353723,2.89599867265768,122.944414781137,0.298299045624882,0.829397946678869,0.326065727266104,-2.70904390306612,6,6,,2.0769568259374,0.0,0.0,0.0,1.37195812835275,0.0,,0.0763760905776043,0.0,,2199140.0,381781.0,3.882616,Competition,0.004706281,0.004684235,0.7539495,0.4941762,0.3660011,0.001292598
usa,target,all,spoonable,all,restofcategory,kraft mayo,32.7184078798634,7.21745413353723,4.53323391801429,112.226700069771,0.0973495488502938,0.845992576102243,0.310181409884703,-1.40462896877458,7,7,,2.17666119003371,0.0,0.0,0.0,2.53935562826555,0.0,,0.0900457934582076,0.0,,3809420.0,1216296.0,6.725592,Competition,1.0,0.995315765,0.2460505,0.5058238,0.6339989,0.155265038
usa,walmart,all,spoonable,all,dukes aioli,dukes mayo,12.756229467881,3.11781633728302,4.09139862260047,-122.148279986342,0.342332604663728,0.980958166516797,0.0230460284134429,-1.92641004713327,2,20,,4.11611566900583e-17,4.27633827549513e-06,4.00721498822515,,1.48996010468717e-05,,0.0,,2.08258192091183,1.82118262235719e-08,63276696.0,22749870.3,7.6138936,Competition,0.3851767,0.2044752,0.13111093,,0.038264968,0.001025843
usa,walmart,all,spoonable,all,dukes aioli,hellmanns best foods aioli,13.1642416259415,3.11781633728302,4.22226334134015,-122.065876347321,0.313726493416799,0.9812140734296,0.0234048397051067,-1.83549564909329,10,20,,1.70855535327857e-16,1.73126403691944,3.26993892353858,0.0,5.42583546974477e-09,0.0,0.0,,1.80607369845735,4.47551711687673e-12,2639519.0,440060.4,0.3176053,Competition,0.3696292,0.1962216,0.120155,,0.001596182,3.763319e-05
usa,walmart,all,spoonable,all,dukes aioli,hellmanns best foods mayo,11.8537706893889,3.11781633728302,3.8019464288646,-104.311547313385,0.255812411574276,0.977830109188721,0.102220674329226,-2.12774201173474,10,20,,8.1642345775175e-12,1.08968505630044,1.84263620466615e-09,0.0,1.17172065026069e-07,0.0,0.0,,3.20677419384496,1.82835644874377e-10,308406810.0,89503172.4,37.1096593,Competition,5.157778e-05,2.738062e-05,0.09797432,,0.186501154,5.003076e-07
usa,walmart,all,spoonable,all,dukes aioli,mccormick aioli aioli,14.1340350741025,3.11781633728302,4.5333122753534,-66.4860474036219,0.289161066980343,0.983891555039289,,-1.67935650267924,0,20,,6.00862410918823,0.909757376620458,3.13990074225489,,7.70065156025143,,,,2.75168853174142,3.63431041535977,45018196.0,11032959.3,5.4169034,Competition,3.15326e-13,1.673942e-13,0.11074662,,0.027223606,5.046804e-16
usa,walmart,all,spoonable,all,dukes aioli,miracle whip whipped dressing,12.3289598609752,3.11781633728302,3.95435732167569,-119.958488475471,0.341173185131608,0.98063719126938,0.0234684890946738,-1.93843584141403,1,20,,1.14032554875828e-16,8.60735397024651e-12,3.97879510747973,,7.72762355746985,,,,2.30424226553803,3.50347090460604,119791690.0,35698999.9,14.414172,Competition,0.1288703,0.06841217,0.13066688,,0.07244097,0.0006475647
usa,walmart,all,spoonable,all,dukes aioli,private label mayo,13.8968540771614,3.11781633728302,4.45723948232038,-124.056386394656,0.350835023704502,0.980944805796068,0.0228243954612616,-1.70138398796699,3,19,,2.08778004038253e-17,8.52404565020878e-07,3.86670872650007,,2.7224458551912e-05,0.0,0.0,,5.90455155447202e-17,3.23867878829078e-08,108148151.0,55337657.3,13.0131401,Competition,1.0,0.5308608,0.1343673,,0.065399836,0.004664992
usa,walmart,all,spoonable,all,dukes aioli,restofcategory,13.0594753703602,3.11781633728302,4.18866089518945,-66.1262109423163,0.303585518317179,0.983809405280712,,-1.89574895048047,0,20,,6.03428134189561,0.951328279968414,3.16612970624575,,7.51713466730622,,,,2.6610820305834,,67544072.0,20704412.4,8.1273741,Competition,2.634039e-13,1.398308e-13,0.11627108,,0.040845555,6.640784e-16
usa,walmart,all,spoonable,all,dukes aioli,NetSegment,14.5022891136862,3.11781633728302,4.65142508244216,-99.8160798582194,0.196386110986995,0.976511767852391,0.09402805082391,-1.621855317415,7,20,,1.56368267639692e-12,1.06695519566317,1.88276984263708e-07,,1.20373214765121e-06,,0.0,,2.06524408529261,1.54052439519132e-09,,,99.9653233,Competition,5.448592e-06,2.892444e-06,0.07521447,,0.502393405,1.092975e-07
usa,walmart,all,spoonable,all,dukes aioli,kraft mayo,16.1994700764017,3.11781633728302,5.19577432534673,-63.9876713694772,0.218002521292923,0.98326900967584,,-1.4354791669757,0,1,,,1.01884727825185,3.78617284990349,,7.4607789756278,,,,2.81379333437524,,108039816.0,37318958.6,13.0001045,Competition,9.041579e-14,4.799819e-14,0.0834934,,0.065334324,2.618294e-16
usa,walmart,all,spoonable,all,dukes aioli,OwnPrice,10.0552409324653,3.11781633728302,3.22509084714971,-121.30571110982,0.443287481113555,0.980835299553028,0.023259748134541,-2.50631864277153,10,20,,7.15662618832543e-17,5.8244530861084e-07,3.92931212705474,0.0,7.46208257622477e-05,0.0,0.0,,2.31235644160607,1.16103524311264e-07,,,,OwnPrice,1.0,1.0,1.0,1.0,1.0,1.0
usa,walmart,all,spoonable,all,dukes aioli,Segment,14.9825654521335,3.11781633728302,4.80546761942683,-123.737395643862,0.242646896849352,0.9801562956913,0.0294598294258814,-1.54383201420723,10,20,,1.41323801313831e-18,0.613747722972519,1.73698665997488e-11,,1.03364098747264e-12,,0.0,,0.0,8.7478916845273e-12,,,,Segment,1.0,1.0,1.0,1.0,1.0,1.0
usa,walmart,all,spoonable,all,dukes mayo,hellmanns best foods mayo,10.5052407177971,2.77777442318079,3.78189122562649,19.0976563233366,0.198604909018899,0.939562130904309,0.067261964762816,-1.80699579286386,12,21,0.0,,0.0,0.0,0.715401113914466,0.0,0.0,0.0,,0.0,1.02919604386019,308406810.0,89503172.0,37.1096593,Competition,0.12060144,0.07384681,0.0889915,0.1666579,0.23637837,0.0015534169
usa,walmart,all,spoonable,all,dukes mayo,kraft aioli,10.8023046038757,2.77777442318079,3.88883435376518,14.8671282783106,0.544757970517299,0.94224291122382,0.0651903945841278,-1.98307453761477,11,20,0.0,,0.0,0.764978318154315,0.0,0.0,0.778255755909087,0.0,,,1.02498779988638,7915688.0,1430443.0,0.9524708,Competition,1.0,0.61232111,0.24409684,0.167028,0.006066978,0.0009068049
usa,walmart,all,spoonable,all,dukes mayo,kraft mayo,11.2954813243961,2.77777442318079,4.0663781875642,19.4310953344726,0.350851423474449,0.939408848927499,0.0676387531951067,-1.70059644643274,10,18,0.0,,0.0,0.813139666564446,0.554663415665315,,0.0,0.0,,,1.03804009608185,108039816.0,37318959.0,13.0001045,Competition,0.10208152,0.06250667,0.1572106,0.1665906,0.082807107,0.0008137215
usa,walmart,all,spoonable,all,dukes mayo,restofcategory,5.25435422673426,2.77777442318079,1.89156980598791,17.9819618473901,0.644429121550091,0.940296398404558,0.0666820046839795,-5.92565803681437,13,22,0.0,,0.0,0.808834863410278,0.700557443983935,0.0,0.0,0.0,,0.0,0.0,67544072.0,20704412.0,8.1273741,Competition,0.2106796,0.12900357,0.2887578,0.1667615,0.051769148,0.0019284415
usa,walmart,all,spoonable,all,dukes mayo,NetSegment,11.6768073689085,2.77777442318079,4.20365572937257,18.4012334203477,0.0705318896051998,0.939717644748819,0.066301791183279,-1.5654662766041,8,16,0.0,,,0.0,0.110014827865356,,0.0,0.0,,,0.0,,,92.3861064,Competition,0.17083577,0.10460635,0.03160415,0.1668294,0.588474205,0.0019454926
usa,walmart,all,spoonable,all,dukes mayo,mccormick aioli aioli,13.8282473410125,2.77777442318079,4.97817505468208,21.9527638835681,0.422553552517279,0.937997501753166,0.0702018182012266,-1.3949491649837,2,4,0.0,,,0.915223064666389,0.0,0.0,,0.0,,,1.11504834613223,45018196.0,11032959.0,5.4169034,Competition,0.02893169,0.01771548,0.18933911,0.1661326,0.034504192,0.0001157351
usa,walmart,all,spoonable,all,dukes mayo,Segment,12.2232145471146,2.77777442318079,4.40036255108072,26.1415036498388,0.0520498734073749,0.935369343439052,0.0735319075282583,-1.47999515744901,8,16,,,,2.07842157344528,0.981016205042667,,0.0,0.0,,,1.76470570796431,,,,Segment,1.0,1.0,1.0,1.0,1.0,1.0
usa,walmart,all,spoonable,all,hellmanns best foods aioli,dukes mayo,12.3549976304877,5.74292599495109,2.15134195379666,-97.7683214071961,0.285137461753909,0.975279269319671,0.03029803445144,-4.43391351371128,13,24,0.0,,,,0.0,4.41473918312905,0.0,0.0,,,10.5594635473777,63276696.0,22749870.0,7.6138936,Competition,0.4989634,0.09513347,0.10261871,0.1113438,0.038197408,0.0003729012
usa,walmart,all,spoonable,all,hellmanns best foods aioli,hellmanns best foods mayo,13.4852884209354,5.74292599495109,2.34815639846152,-98.2648360816408,0.216398683582937,0.97536293592778,0.0303775837033843,-3.78115268475261,13,24,0.0,,,,0.0,4.35670209899023,0.0,0.0,,,10.5562010113994,308406810.0,89503172.0,37.1096593,Competition,0.6395662,0.1219411,0.07788017,0.1113347,0.186171868,0.001768036
usa,walmart,all,spoonable,all,hellmanns best foods aioli,kraft aioli,11.3861707620126,5.74292599495109,1.9826427803567,-98.4600452759752,0.408234170106324,0.975395596282031,0.030155406649124,-6.1284665667014,13,24,0.0,,,,0.0,4.83447268523034,0.0,0.0,,,10.6003835254857,7915688.0,1430443.0,0.9524708,Competition,0.7051389,0.1344433,0.14692024,0.1113602,0.004778359,9.438427e-05
usa,walmart,all,spoonable,all,hellmanns best foods aioli,kraft mayo,11.2733773564097,5.74292599495109,1.96300237306222,-98.8070263609968,0.347092483804289,0.975453677757706,0.0300785419837501,-5.55269494509677,13,24,0.0,,,,0.0,4.10535928429208,0.0,0.0,,,10.5982794332327,108039816.0,37318959.0,13.0001045,Competition,0.838727,0.1599135,0.12491583,0.111369,0.065218969,0.001302797
usa,walmart,all,spoonable,all,hellmanns best foods aioli,mccormick aioli aioli,13.7668596123172,5.74292599495109,2.39718562008641,-99.1587663662033,0.371850281609283,0.975188566385082,0.0298108889229797,-3.79506866757501,13,24,0.0,,,,0.0,4.39187580985378,0.0,0.0,,,10.645480364005,45018196.0,11032959.0,5.4169034,Competition,1.0,0.1906622,0.13382596,0.1113998,0.02717554,0.0006933989
usa,walmart,all,spoonable,all,hellmanns best foods aioli,private label mayo,17.1180385427876,5.74292599495109,2.98071724375988,-97.3370349030616,0.223730611220103,0.975206699467411,0.0304753267310521,-2.57583174578471,13,24,0.0,,,,0.0,4.36516634256534,0.0,0.0,,,10.5282816674987,108148151.0,55337657.0,13.0131401,Competition,0.4021759,0.07667974,0.08051887,0.1113235,0.065284367,0.0004030765
usa,walmart,all,spoonable,all,hellmanns best foods aioli,restofcategory,10.2036497944848,5.74292599495109,1.77673363777548,-97.1532567784528,0.41727236280928,0.975175775250276,0.0306146071971819,-6.83792429605824,13,24,0.0,,,,0.0,4.45243461942062,0.0,0.0,,,10.1211788310949,67544072.0,20704412.0,8.1273741,Competition,0.3668674,0.06994775,0.15017301,0.1113075,0.040773438,0.000428295
usa,walmart,all,spoonable,all,hellmanns best foods aioli,NetSegment,12.0557496383474,5.74292599495109,2.09923471919127,-98.6960096190927,0.257387369717128,0.975435098691074,0.0300949226065471,-4.59718235754652,13,24,0.0,,,,0.0,4.39567112117487,0.0,0.0,,,10.4443256192365,,,99.6823947,Competition,0.7934392,0.1512789,0.09263167,0.1113671,0.500086983,0.007007826
usa,walmart,all,spoonable,all,hellmanns best foods aioli,miracle whip whipped dressing,13.3184716116613,5.74292599495109,2.31910904360778,-25.1970650344416,0.25150748215934,0.957820485657171,0.0490169110779328,-3.64599615653551,1,2,0.0,,,,0.0,5.6742552717345,0.0,0.0,,,15.4654245320967,119791690.0,35699000.0,14.414172,Competition,8.698024e-17,1.658385e-17,0.09051555,0.1091945,0.072313068,1.085488e-19
usa,walmart,all,spoonable,all,hellmanns best foods aioli,Segment,11.7749659850627,5.74292599495109,2.05034262942178,-110.994594991615,0.294374161634035,0.977407326661737,0.0291084240516865,-4.81811195954722,13,24,0.0,,,,0.0,0.0,2.03240454917942e-18,,,,3.73015082088026,,,,Segment,1.0,1.0,1.0,1.0,1.0,1.0
usa,walmart,all,spoonable,all,hellmanns best foods mayo,dukes mayo,10.9022748371522,3.45380553094739,3.15659777004343,79.9702195060875,0.26339954841453,0.88830462161314,0.122587630203185,-2.32217452931021,3,4,0.102865961286602,0.0,0.0,,0.0,1.03369763083565,0.0,,,1.36940132792665,0.0,63276696.0,22749870.0,7.6138936,Competition,0.011848742,0.010875537,0.19479782,,0.07769193,0.0001645928
usa,walmart,all,spoonable,all,hellmanns best foods mayo,restofcategory,9.34073909020869,3.45380553094739,2.70447742541153,79.7075849416506,0.395346247178464,0.88908799079253,0.125340224124294,-3.05621151413223,3,4,0.103449207851919,,0.0,,0.0,1.15990209837941,0.0,,,1.43299324511498,,67544072.0,20704412.0,8.1273741,Competition,0.013511471,0.012401696,0.29237935,,0.082931469,0.0003007095
usa,walmart,all,spoonable,all,hellmanns best foods mayo,NetSegment,14.6725064844903,3.45380553094739,4.24821442696155,77.0556039877911,0.150707637471579,0.891509369554411,0.121095942149419,-1.51663985652425,2,2,0.112707777316222,,0.070211282576492,,0.0,,,,,1.15050285430171,0.0,,,62.8903407,Competition,0.050883031,0.046703716,0.11145623,,0.641731051,0.00334048
usa,walmart,all,spoonable,all,hellmanns best foods mayo,kraft mayo,16.4281551340883,3.45380553094739,4.7565373866264,71.0991523922806,0.274296751534523,0.89762489983359,0.11445611406623,-1.38020400250742,3,4,0.11792721259669,1.71884284652557,0.0,,0.0,0.0,,,,0.981017030438237,0.0,108039816.0,37318959.0,13.0001045,Competition,1.0,0.917864268,0.20285688,,0.132652656,0.02469927
usa,walmart,all,spoonable,all,hellmanns best foods mayo,kraft aioli,16.4996348259934,3.45380553094739,4.77723330921515,81.2767520433634,0.154316693392774,0.885922566642933,0.12589599925907,-1.48277373780083,1,2,0.111955046452564,0.0,0.0,,0.0,,0.0,,,1.3695261117304,0.0,7915688.0,1430443.0,0.9524708,Competition,0.006165415,0.005659014,0.11412531,,0.009718982,6.276876e-06
usa,walmart,all,spoonable,all,hellmanns best foods mayo,mccormick aioli aioli,16.9178995366335,3.45380553094739,4.89833587474535,81.0009493740056,0.114101984590254,0.887540079479382,,-1.41917281812434,0,1,0.121971884743515,1.38923303634785,,,,1.10349641441356,,,,1.58994952683024,,45018196.0,11032959.0,5.4169034,Competition,0.007077047,0.006495769,0.08438442,,0.055273912,3.029794e-05
usa,walmart,all,spoonable,all,hellmanns best foods mayo,Segment,9.39755407895001,3.45380553094739,2.72092739291324,74.6656773393677,0.223640280419715,0.894444974134742,0.119819128407462,-2.87065086270827,3,2,0.0755205278296839,1.16044153329291,0.0,,0.0144314171582368,0.815774609925316,0.0,,,0.702359232216747,,,,,Segment,1.0,1.0,1.0,1.0,1.0,1.0
usa,walmart,all,spoonable,all,kraft aioli,restofcategory,36.8111588366935,5.80961637581492,6.3362460540314,235.173040765728,0.0339932217165561,0.834204357908884,0.190109563420235,-0.874779273293834,1,0,0.0,0.0,0.145773981654385,0.0,,,,,,,,67544072.0,20704412.0,8.127374,Competition,1.0,1.0,1.0,1.0,1.0,1.0
usa,walmart,all,spoonable,all,kraft mayo,dukes mayo,5.17026411729077,2.8992972750687,1.78328181858077,-2.58677692875893,0.861801530380784,0.949629299370116,0.056995145272427,-6.03682552599826,10,16,0.114830129631653,,0.0,1.19506748615219,0.0,,0.748995103586215,7.43981403788497e-07,,,1.93174294938645,63276696.0,22749870.0,7.613894,Competition,0.006905762,0.004086939,0.1719057,0.1664548,0.04551637,3.197836e-05
usa,walmart,all,spoonable,all,kraft mayo,hellmanns best foods mayo,5.87339013801839,2.8992972750687,2.0257978333316,-6.36464514122106,0.842908184571001,0.950568866341356,0.0561190237703056,-4.67401629960175,10,16,0.108922831966955,0.247818354223395,0.0,,0.0,,0.728212195228421,1.16389444423532e-09,,,2.03260215970241,308406810.0,89503172.0,37.109659,Competition,0.045663086,0.027024136,0.168137,0.1666094,0.22184405,0.001008006
usa,walmart,all,spoonable,all,kraft mayo,miracle whip whipped dressing,5.1595327126166,2.8992972750687,1.77958043729557,-5.78126475591604,0.788087598509973,0.949969646683752,0.0562854603833222,-5.44205669706034,10,17,0.112338486475008,7.70516390649515e-09,0.0,1.14157378402746,0.0,,0.886574214699187,,,0.0,2.16943342054483,119791690.0,35699000.0,14.414172,Competition,0.034110322,0.020187028,0.1572018,0.16658,0.08616889,0.0002734516
usa,walmart,all,spoonable,all,kraft mayo,private label mayo,6.67541239959364,2.8992972750687,2.30242426569916,-12.5375752680068,0.810930958453375,0.951496495941011,0.0544903369852467,-3.71212116553145,11,18,0.106981821924525,8.48635985745335e-11,0.0,1.07466655532859,0.0,,1.12336247519879,7.64571067775203e-08,,,2.01452552385553,108148151.0,55337657.0,13.01314,Competition,1.0,0.59181582,0.1617585,0.1668969,0.07779343,0.00744726
usa,walmart,all,spoonable,all,kraft mayo,restofcategory,5.47594752396004,2.8992972750687,1.88871543840922,-6.56348385127715,0.848337841420308,0.950121989283028,0.0561623973878841,-5.58701863621824,10,18,0.102922736492436,3.58462362349646e-09,0.0,1.05696883803649,0.0,,0.859715907560495,4.78276298232729e-06,,,,67544072.0,20704412.0,8.127374,Competition,0.05043622,0.029848953,0.1692201,0.1666017,0.04858599,0.0002454099
usa,walmart,all,spoonable,all,kraft mayo,NetSegment,5.06034837825501,2.8992972750687,1.74537065300939,-11.3513317073746,0.861155179051873,0.951229560467629,0.0547153649636289,-6.13903171614355,10,18,0.0988197033393656,2.39621464476797e-10,0.0,0.0,0.0,,0.771500478191231,0.0129255121985928,,,1.22566832838452,,,86.999895,Competition,0.552599495,0.327037123,0.1717768,0.1668572,0.52009126,0.02921737
usa,walmart,all,spoonable,all,kraft mayo,OwnPrice,7.74998225180223,2.8992972750687,2.67305540499244,0.067062682177023,0.811104025199987,0.949186997515159,0.0576612123864028,-2.33998801631746,10,18,0.097734171218626,0.680741145419099,0.0,1.20913568586197,0.0,,0.772716963786271,1.75802916878156e-06,,,2.20753508718033,,,,OwnPrice,1.0,1.0,1.0,1.0,1.0,1.0
usa,walmart,all,spoonable,all,kraft mayo,Segment,4.69101333597486,2.8992972750687,1.61798287340635,-17.7085002679923,0.867677147385969,0.952716436828281,0.0530434978159764,-7.46826094295442,10,18,0.0998601330743043,1.62628146103226e-10,0.0,2.85892140189871e-16,0.0,,0.887660230220629,3.95825927216785e-05,,,1.86881184119072,,,,Segment,1.0,1.0,1.0,1.0,1.0,1.0
usa,walmart,all,spoonable,all,mccormick aioli aioli,kraft aioli,151.936121823616,4.09397560149452,37.1121219599235,95.6759266807954,0.00612547747924822,0.870958072096186,,-0.14094197710231,0,1,,,,,,1.58533489074007,,,,,1.12282933996236,7915688.0,1430443.0,0.9524708,Competition,1.0,1.0,1.0,,1.0,1.0
usa,walmart,all,spoonable,all,miracle whip whipped dressing,OwnPrice,10.4897560734087,3.35375293573251,3.12776649753944,59.0001517295874,0.505025828644205,0.910253895101738,0.10123825973563,-2.06806244041047,9,16,0.126242317025362,0.0,0.0,0.0,1.02765730463159,0.266603407961575,0.0,,,1.00077820825461,0.0,,,,OwnPrice,1.0,1.0,1.0,1.0,1.0,1.0
usa,walmart,all,spoonable,all,private label mayo,kraft aioli,4.69700055731551,1.94442736440046,2.41562150549335,-257.35926042889,0.647679249907172,0.985872722718479,0.0161010356502671,-4.11738171816963,8,10,0.0,,0.0,0.0,0.0,2.63202292259407,2.5480935184822,,,,1.11037684089883,7915688.0,1430443.0,0.9524708,Competition,0.04301167,0.02433248,0.1962574,0.1999334,0.008319706,3.973017e-05
usa,walmart,all,spoonable,all,private label mayo,kraft mayo,4.13139124034766,1.94442736440046,2.12473415874885,-263.651827979847,0.65573721153415,0.986176562261166,0.0155391033207475,-4.68211979564112,8,8,0.0,,0.0,0.0,6.79436562978991e-31,1.66296593600351,2.40691640630195,,,,1.27881307325751,108039816.0,37318959.0,13.0001045,Competition,1.0,0.56571804,0.1986991,0.2000476,0.113554184,0.01276436
usa,walmart,all,spoonable,all,private label mayo,mccormick aioli aioli,3.91330111721773,1.94442736440046,2.01257253876611,-261.373556893629,0.765231402255923,0.986014505933943,0.0157125459974116,-5.80432518198203,8,10,0.0,,0.0,0.0,3.12844147817512e-31,2.63828730937789,1.43626755100171,,,,1.07364997401943,45018196.0,11032959.0,5.4169034,Competition,0.32009561,0.18108386,0.2318776,0.2000124,0.047315931,0.001986763
usa,walmart,all,spoonable,all,private label mayo,restofcategory,3.68115586824032,1.94442736440046,1.89318250485297,-260.804079781131,0.670987426639119,0.985835688864996,0.0157238476368058,-5.83631004778579,8,10,0.0,,0.0,0.0,9.55192537131699e-31,2.61369759349363,2.48212440398763,,,,1.40198505891675e-31,67544072.0,20704412.0,8.1273741,Competition,0.2407794,0.13621325,0.2033202,0.2000101,0.070991531,0.001966103
usa,walmart,all,spoonable,all,private label mayo,NetSegment,4.82412180639938,1.94442736440046,2.48099872215429,-260.033345396817,0.56051661852069,0.985784030059252,0.0157901887996264,-3.41935141697963,8,9,0.0,,0.0,0.0,1.77563691591291e-30,2.43936251432162,2.39118523492053,,,,4.47830187812958e-30,,,86.9868599,Competition,0.16377835,0.09265237,0.1698457,0.1999966,0.759818648,0.01195697
usa,walmart,all,spoonable,all,restofcategory,dukes mayo,7.34427439656731,3.19187484590423,2.30092805988035,93.5143107562615,0.514409705592664,0.872256829179445,0.141651793601619,-3.71471389540002,13,22,0.0,,0.0,2.07588084860253,1.33498791414697,0.745878313750081,0.0,0.945291494173368,,0.460400036363445,,63276696.0,22749870.0,7.613894,Competition,1.0,0.5405884,0.24524895,0.2033683,0.04641953,0.006154243
usa,walmart,all,spoonable,all,restofcategory,hellmanns best foods mayo,8.92176951244245,3.19187484590423,2.7951501682125,96.886880421637,0.459232469940343,0.867404711055181,0.147584748667697,-2.71655430757009,13,22,0.0,1.06253172994542,1.78864435917058e-19,0.0,0.696486291951494,0.726571806127442,0.0,0.0,,0.552123696407636,,308406810.0,89503172.0,37.109659,Competition,0.1852063,0.1001204,0.21894276,0.2019626,0.226246,0.004959456
usa,walmart,all,spoonable,all,restofcategory,miracle whip whipped dressing,10.1442877293144,3.19187484590423,3.17815961435061,94.4596651424923,0.398853840238292,0.871299938120784,0.144128923161575,-2.08576360853969,11,22,0.0,1.22493002656304,3.80066679562077e-19,2.04650732231266,0.715027054780451,,0.0,,,0.485072172358357,,119791690.0,35699000.0,14.414172,Competition,0.6233313,0.3369657,0.19015676,0.2027814,0.08787871,0.005630942
usa,walmart,all,spoonable,all,restofcategory,NetSegment,6.28158464438446,3.19187484590423,1.9679921512101,99.8881783666185,0.539084919467342,0.86281471016395,0.151972859218483,-4.86947798686716,13,22,0.0,1.03895268075602,4.50403195950768e-19,0.619765490440786,1.46901495375709,0.0,0.0,0.0,,0.0,,,,91.872626,Competition,0.04129831,0.02232539,0.25701305,0.2009229,0.56011871,0.003213914
usa,walmart,all,spoonable,all,restofcategory,private label mayo,14.6566941950865,3.19187484590423,4.59187621779525,123.69893946527,0.185919207328056,0.826010470897921,0.194002187723309,-1.36437893475788,1,2,0.0,0.0,0.0,1.88275812247208,0.0,,0.0,0.0,,,,108148151.0,55337657.0,13.01314,Competition,2.789274e-07,1.507849e-07,0.08863847,0.1909649,0.07933705,1.060367e-09
usa,walmart,all,spoonable,all,restofcategory,Segment,6.2344736669038,3.19187484590423,1.95323249434538,94.8006769467389,0.502616838645107,0.870644440549251,0.144607233419828,-4.98156607066834,13,22,0.0,1.28269191819013,0.0097026062776042,1.99934396760212,1.45286603217993,0.945656508300368,0.0,1.56314591421639,,0.964023045377052,,,,,Segment,1.0,1.0,1.0,1.0,1.0,1.0
usa,walmart,all,spoonable,all,restofcategory,OwnPrice,15.5129922901112,3.19187484590423,4.86015055070761,98.5126906068453,0.516699706119039,0.866093058502698,0.148639446929154,-1.07155338320197,6,12,0.0,1.17335245672623,0.0,2.1161201844124,0.0,0.778611964924156,0.0,1.11892346687202,,1.07343508302054e-15,,,,,OwnPrice,1.0,1.0,1.0,1.0,1.0,1.0
